N,f,k,q,W,gossip_flow_recon_recall_mean,gossip_flow_recon_recall_std,gossip_flow_dos_recall_mean,gossip_flow_dos_recall_std,gossip_corrected_flow_recon_recall_mean,gossip_corrected_flow_recon_recall_std,gossip_corrected_flow_dos_recall_mean,gossip_corrected_flow_dos_recall_std,gossip_window_recon_recall_mean,gossip_window_recon_recall_std,gossip_window_dos_recall_mean,gossip_window_dos_recall_std,gossip_recon_fpr_mean,gossip_recon_fpr_std,gossip_dos_fpr_mean,gossip_dos_fpr_std,gossip_bandwidth_mean,gossip_bandwidth_std,gossip_latency_mean,gossip_latency_std,indep_flow_recon_recall_mean,indep_flow_recon_recall_std,indep_flow_dos_recall_mean,indep_flow_dos_recall_std,indep_window_recon_recall_mean,indep_window_recon_recall_std,indep_window_dos_recall_mean,indep_window_dos_recall_std,indep_recon_fpr_mean,indep_recon_fpr_std,indep_dos_fpr_mean,indep_dos_fpr_std,indep_bandwidth_mean,indep_bandwidth_std,indep_latency_mean,indep_latency_std,cent_flow_recon_recall_mean,cent_flow_recon_recall_std,cent_flow_dos_recall_mean,cent_flow_dos_recall_std,cent_window_recon_recall_mean,cent_window_recon_recall_std,cent_window_dos_recall_mean,cent_window_dos_recall_std,cent_recon_fpr_mean,cent_recon_fpr_std,cent_dos_fpr_mean,cent_dos_fpr_std,cent_bandwidth_mean,cent_bandwidth_std,cent_latency_mean,cent_latency_std
8,2,4,2,5,0.9966666666666667,0.0005859465277082451,0.9716999999999999,0.0010392304845413482,0.06929999999999999,0.0019467922333931819,0.7961999999999999,0.0017691806012953674,0.9849666666666668,0.002079262689833469,0.9297333333333334,0.0012055427546683647,0.8205666666666667,0.00020816659994659034,0.6974333333333332,0.0005033222956846778,0.0265,0.0,0.056666666666666664,0.005773502691896255,1.0,0.0,0.9973,0.0,0.9983,0.0,0.9827,0.0,0.8981,0.0,0.7543000000000001,0.0,0.0,0.0,0.02,0.0,0.9974,0.0,0.9746,0.0,0.9885,0.0,0.9361,0.0,0.8324000000000001,0.0,0.7048,0.0,0.013199999999999998,0.0,0.05000000000000001,0.0
8,2,4,4,5,0.8530666666666668,0.006760424049816241,0.8151333333333334,0.0056536124144951376,0.3793,0.0035594943461115356,0.7516666666666666,0.00797266162165014,0.6849666666666666,0.0024906491790963243,0.6390333333333333,0.01127135011138121,0.3878333333333333,0.0016289055630494158,0.4671,0.0012999999999999748,0.0265,0.0,0.39999999999999997,0.01732050807568875,1.0,0.0,0.9973,0.0,0.9983,0.0,0.9827,0.0,0.8981,0.0,0.7543000000000001,0.0,0.0,0.0,0.02,0.0,0.9302,0.0,0.8767,0.0,0.8237,0.0,0.7542,0.0,0.5219,0.0,0.5552,0.0,0.013199999999999998,0.0,0.24,0.0
8,2,8,2,5,0.9994333333333333,0.00046188021535172985,0.9969666666666667,0.0002886751345947811,0.023733333333333332,0.002746512940681936,0.8587333333333333,0.002715388247255565,0.9912,0.0018000000000000238,0.9686666666666667,0.0012096831541082327,0.8177333333333333,0.00037859388971997655,0.6032000000000001,0.0008185352771872328,0.0411,0.0,0.04,0.0,1.0,0.0,1.0,0.0,0.9991,0.0,0.9946,0.0,0.868,0.0,0.6449,0.0,0.0,0.0,0.01,0.0,0.9997000000000001,0.0,0.9975999999999999,0.0,0.9943,0.0,0.9732,0.0,0.8236,0.0,0.6066,0.0,0.0205,0.0,0.04,0.0
8,2,8,4,5,0.9678666666666667,0.0013051181300300957,0.9108,0.007031358332498749,0.33170000000000005,0.0011357816691600518,0.8232333333333334,0.0074002252217978855,0.9089999999999999,0.0017691806012954073,0.8264666666666667,0.005173329037798899,0.6122,0.0036510272527057385,0.5194666666666666,0.0026501572280401486,0.0411,0.0,0.1366666666666667,0.005773502691896267,1.0,0.0,1.0,0.0,0.9991,0.0,0.9946,0.0,0.868,0.0,0.6449,0.0,0.0,0.0,0.01,0.0,0.9888,0.0,0.9672,0.0,0.9555000000000001,0.0,0.9001,0.0,0.7269,0.0,0.5543,0.0,0.0205,0.0,0.09000000000000001,0.0
8,2,8,6,5,0.8318,0.004629254799641105,0.7811,0.001322875655532286,0.5917,0.002861817604250813,0.7342333333333334,0.001892969448600154,0.6760333333333334,0.0029871948937646242,0.6562333333333333,0.0043981056528162,0.34169999999999995,0.0007211102550928127,0.4193,0.0029206163733020464,0.0411,0.0,0.2333333333333333,0.005773502691896239,1.0,0.0,1.0,0.0,0.9991,0.0,0.9946,0.0,0.868,0.0,0.6449,0.0,0.0,0.0,0.01,0.0,0.9379,0.0,0.8672,0.0,0.8542,0.0,0.7817,0.0,0.5198,0.0,0.49510000000000004,0.0,0.0205,0.0,0.15,0.0
8,2,8,8,5,0.45816666666666667,0.017277827795568863,0.5403000000000001,0.0031575306807693562,0.4024666666666667,0.021177661186574253,0.5356666666666666,0.00527857303949965,0.20093333333333332,0.008154344445345253,0.2750666666666667,0.004366157731155996,0.1087,0.002193171219946127,0.22653333333333334,0.0027592269448766535,0.0411,0.0,0.9433333333333334,0.03214550253664314,1.0,0.0,1.0,0.0,0.9991,0.0,0.9946,0.0,0.868,0.0,0.6449,0.0,0.0,0.0,0.01,0.0,0.7826,0.0,0.7655,0.0,0.5958,0.0,0.6042,0.0,0.2952,0.0,0.38219999999999993,0.0,0.0205,0.0,0.32,0.0
8,2,16,2,5,0.9997000000000001,0.0,0.9957333333333334,0.00011547005383791243,0.023533333333333333,0.0022188585654190148,0.8571,0.0018520259177452311,0.9922333333333334,0.0007094598884597556,0.9682333333333334,0.00045092497528231157,0.8189000000000001,0.0007937253933194261,0.6025666666666666,0.0005507570547286083,0.0411,0.0,0.04,0.0,1.0,0.0,1.0,0.0,0.9991,0.0,0.9946,0.0,0.868,0.0,0.6449,0.0,0.0,0.0,0.01,0.0,0.9997000000000001,0.0,0.9975999999999999,0.0,0.9943,0.0,0.9732,0.0,0.8236,0.0,0.6066,0.0,0.0205,0.0,0.04,0.0
8,2,16,4,5,0.9681666666666667,0.0019295940851208058,0.9149666666666666,0.011834835585395007,0.33546666666666664,0.004792007234273887,0.8276,0.01363964808930204,0.9058999999999999,0.00295127091267472,0.8300666666666667,0.00215483951451918,0.6142333333333333,0.003939966158907138,0.5226999999999999,0.001135781669160041,0.0411,0.0,0.14,0.010000000000000005,1.0,0.0,1.0,0.0,0.9991,0.0,0.9946,0.0,0.868,0.0,0.6449,0.0,0.0,0.0,0.01,0.0,0.9888,0.0,0.9672,0.0,0.9555000000000001,0.0,0.9001,0.0,0.7269,0.0,0.5543,0.0,0.0205,0.0,0.09000000000000001,0.0
8,2,16,6,5,0.8309333333333333,0.010048051220676268,0.7837333333333333,0.006164684366075353,0.5931666666666667,0.006934214687571554,0.7338999999999999,0.0049000000000000155,0.6719333333333334,0.009057777505179354,0.6577333333333334,0.005185878260558474,0.34306666666666663,0.006038487669386541,0.41819999999999996,0.0020074859899884482,0.0411,0.0,0.24333333333333332,0.005773502691896261,1.0,0.0,1.0,0.0,0.9991,0.0,0.9946,0.0,0.868,0.0,0.6449,0.0,0.0,0.0,0.01,0.0,0.9379,0.0,0.8672,0.0,0.8542,0.0,0.7817,0.0,0.5198,0.0,0.49510000000000004,0.0,0.0205,0.0,0.15,0.0
8,2,16,8,5,0.46003333333333335,0.016932316242420392,0.5485666666666668,0.00802516874173582,0.4128333333333334,0.02307473365682328,0.5414666666666667,0.00890524190201107,0.2024,0.00904157066001257,0.27676666666666666,0.00941134067672261,0.10823333333333333,0.004801388688008233,0.22999999999999998,0.002251666049839543,0.0411,0.0,0.9633333333333334,0.05686240703077328,1.0,0.0,1.0,0.0,0.9991,0.0,0.9946,0.0,0.868,0.0,0.6449,0.0,0.0,0.0,0.01,0.0,0.7826,0.0,0.7655,0.0,0.5958,0.0,0.6042,0.0,0.2952,0.0,0.38219999999999993,0.0,0.0205,0.0,0.32,0.0
8,2,16,10,5,0.0,0.0,0.0,0.0,0.0,0.0,0.0,0.0,0.0,0.0,0.0,0.0,0.0,0.0,0.0,0.0,0.0411,0.0,0.0,0.0,1.0,0.0,1.0,0.0,0.9991,0.0,0.9946,0.0,0.868,0.0,0.6449,0.0,0.0,0.0,0.01,0.0,0.0,0.0,0.0,0.0,0.0,0.0,0.0,0.0,0.0,0.0,0.0,0.0,0.0205,0.0,0.0,0.0
8,2,16,12,5,0.0,0.0,0.0,0.0,0.0,0.0,0.0,0.0,0.0,0.0,0.0,0.0,0.0,0.0,0.0,0.0,0.0411,0.0,0.0,0.0,1.0,0.0,1.0,0.0,0.9991,0.0,0.9946,0.0,0.868,0.0,0.6449,0.0,0.0,0.0,0.01,0.0,0.0,0.0,0.0,0.0,0.0,0.0,0.0,0.0,0.0,0.0,0.0,0.0,0.0205,0.0,0.0,0.0
8,2,16,14,5,0.0,0.0,0.0,0.0,0.0,0.0,0.0,0.0,0.0,0.0,0.0,0.0,0.0,0.0,0.0,0.0,0.0411,0.0,0.0,0.0,1.0,0.0,1.0,0.0,0.9991,0.0,0.9946,0.0,0.868,0.0,0.6449,0.0,0.0,0.0,0.01,0.0,0.0,0.0,0.0,0.0,0.0,0.0,0.0,0.0,0.0,0.0,0.0,0.0,0.0205,0.0,0.0,0.0
8,2,16,16,5,0.0,0.0,0.0,0.0,0.0,0.0,0.0,0.0,0.0,0.0,0.0,0.0,0.0,0.0,0.0,0.0,0.0411,0.0,0.0,0.0,1.0,0.0,1.0,0.0,0.9991,0.0,0.9946,0.0,0.868,0.0,0.6449,0.0,0.0,0.0,0.01,0.0,0.0,0.0,0.0,0.0,0.0,0.0,0.0,0.0,0.0,0.0,0.0,0.0,0.0205,0.0,0.0,0.0
8,3,4,2,5,0.9974,0.0,0.9742333333333333,0.00040414518843276794,0.0594,0.0006244997998398394,0.7942999999999999,0.0005000000000000143,0.9883000000000001,0.00017320508075698083,0.9353000000000001,0.00017320508075686865,0.8316666666666667,0.00045092497528223974,0.7043666666666667,0.00023094010767593705,0.0397,0.0,0.05000000000000001,0.0,1.0,0.0,0.9973,0.0,0.9983,0.0,0.9827,0.0,0.8981,0.0,0.7543000000000001,0.0,0.0,0.0,0.02,0.0,0.9974,0.0,0.9746,0.0,0.9885,0.0,0.9361,0.0,0.8324000000000001,0.0,0.7048,0.0,0.013199999999999998,0.0,0.05000000000000001,0.0
8,3,4,4,5,0.9125333333333333,0.0029263173671584992,0.8611666666666666,0.002107921567168293,0.31243333333333334,0.002730079363925763,0.7734333333333333,0.0023797758998135698,0.7908333333333334,0.0012055427546683647,0.7294666666666666,0.0029365512652316044,0.48446666666666666,0.0027934447074057732,0.5356333333333333,0.0004725815626252832,0.0397,0.0,0.2733333333333334,0.015275252316519458,1.0,0.0,0.9973,0.0,0.9983,0.0,0.9827,0.0,0.8981,0.0,0.7543000000000001,0.0,0.0,0.0,0.02,0.0,0.9302,0.0,0.8767,0.0,0.8237,0.0,0.7542,0.0,0.5219,0.0,0.5552,0.0,0.013199999999999998,0.0,0.24,0.0
8,3,8,2,5,0.9997000000000001,0.0,0.9975,0.00017320508075698083,0.0181,0.0009643650760992953,0.8549000000000001,0.00017320508075686865,0.9943,0.0,0.9729,0.0005196152422706059,0.8228666666666667,0.00040414518843276566,0.6064666666666667,0.00011547005383791243,0.06160000000000001,0.0,0.04,0.0,1.0,0.0,1.0,0.0,0.9991,0.0,0.9946,0.0,0.868,0.0,0.6449,0.0,0.0,0.0,0.01,0.0,0.9997000000000001,0.0,0.9975999999999999,0.0,0.9943,0.0,0.9732,0.0,0.8236,0.0,0.6066,0.0,0.0205,0.0,0.04,0.0
8,3,8,4,5,0.9807666666666667,0.0013613718571107952,0.9502,0.002879236009777579,0.22623333333333331,0.0043316663460305,0.851,0.004689349635077329,0.9371666666666667,0.0018175074506954182,0.8713666666666667,0.0007094598884597556,0.6857666666666667,0.0022590558499809127,0.5422333333333333,0.0008504900548115838,0.06160000000000001,0.0,0.11666666666666665,0.005773502691896256,1.0,0.0,1.0,0.0,0.9991,0.0,0.9946,0.0,0.868,0.0,0.6449,0.0,0.0,0.0,0.01,0.0,0.9888,0.0,0.9672,0.0,0.9555000000000001,0.0,0.9001,0.0,0.7269,0.0,0.5543,0.0,0.0205,0.0,0.09000000000000001,0.0
8,3,8,6,5,0.8960666666666667,0.0016165807537309503,0.8277333333333333,0.006760424049816153,0.5458666666666666,0.013148890954500052,0.7636666666666666,0.00697591093215312,0.7801333333333332,0.00248260615751541,0.7284,0.0054147945482723656,0.4373333333333333,0.004219399641339213,0.4648333333333334,0.0021385353243126943,0.06160000000000001,0.0,0.18000000000000002,0.009999999999999988,1.0,0.0,1.0,0.0,0.9991,0.0,0.9946,0.0,0.868,0.0,0.6449,0.0,0.0,0.0,0.01,0.0,0.9379,0.0,0.8672,0.0,0.8542,0.0,0.7817,0.0,0.5198,0.0,0.49510000000000004,0.0,0.0205,0.0,0.15,0.0
8,3,8,8,5,0.6836333333333333,0.006222807512155024,0.6999333333333334,0.004244211744639206,0.5571333333333334,0.007784814277382165,0.6755666666666666,0.005300314456080226,0.46116666666666667,0.007726146085425354,0.4876666666666667,0.0063846169292552865,0.21666666666666667,0.001892969448600097,0.3196333333333333,0.0016862186493255703,0.06160000000000001,0.0,0.47333333333333333,0.015275252316519456,1.0,0.0,1.0,0.0,0.9991,0.0,0.9946,0.0,0.868,0.0,0.6449,0.0,0.0,0.0,0.01,0.0,0.7826,0.0,0.7655,0.0,0.5958,0.0,0.6042,0.0,0.2952,0.0,0.38219999999999993,0.0,0.0205,0.0,0.32,0.0
8,3,16,2,5,0.9997000000000001,0.0,0.9974333333333334,0.0002886751345948612,0.0178,0.0006928203230275509,0.8549000000000001,0.00017320508075686865,0.9941333333333334,0.0002886751345947811,0.9726333333333333,0.0006658328118479424,0.823,0.0005000000000000282,0.6063333333333333,5.773502691898025e-05,0.06160000000000001,0.0,0.04,0.0,1.0,0.0,1.0,0.0,0.9991,0.0,0.9946,0.0,0.868,0.0,0.6449,0.0,0.0,0.0,0.01,0.0,0.9997000000000001,0.0,0.9975999999999999,0.0,0.9943,0.0,0.9732,0.0,0.8236,0.0,0.6066,0.0,0.0205,0.0,0.04,0.0
8,3,16,4,5,0.9826666666666667,0.0016010413278030032,0.9520666666666666,0.0047077949544700294,0.22146666666666667,0.0047427137098219685,0.8506666666666667,0.005795112883571292,0.9398,0.001039230484541292,0.8742666666666666,0.004816983841921539,0.6869666666666667,0.0024826061575153897,0.5444333333333333,0.0011015141094572083,0.06160000000000001,0.0,0.11333333333333333,0.005773502691896249,1.0,0.0,1.0,0.0,0.9991,0.0,0.9946,0.0,0.868,0.0,0.6449,0.0,0.0,0.0,0.01,0.0,0.9888,0.0,0.9672,0.0,0.9555000000000001,0.0,0.9001,0.0,0.7269,0.0,0.5543,0.0,0.0205,0.0,0.09000000000000001,0.0
8,3,16,6,5,0.891,0.0038587562763149653,0.8282333333333334,0.007617304860207056,0.5457666666666666,0.006671081871281009,0.7663666666666668,0.006439202849214574,0.7757333333333333,0.0002886751345948612,0.7293,0.0030413812651491354,0.4331,0.0014422205101855985,0.46536666666666665,0.002829016319029151,0.06160000000000001,0.0,0.17666666666666667,0.020816659994661334,1.0,0.0,1.0,0.0,0.9991,0.0,0.9946,0.0,0.868,0.0,0.6449,0.0,0.0,0.0,0.01,0.0,0.9379,0.0,0.8672,0.0,0.8542,0.0,0.7817,0.0,0.5198,0.0,0.49510000000000004,0.0,0.0205,0.0,0.15,0.0
8,3,16,8,5,0.684,0.00413884041731497,0.6990333333333334,0.0013316656236958668,0.5486,0.004782258880487282,0.6765333333333333,0.001767295485574904,0.4537,0.00243310501211928,0.48733333333333334,0.005046120622154574,0.21613333333333332,0.0034847285881877983,0.32293333333333335,0.0009451631252505356,0.06160000000000001,0.0,0.48333333333333334,0.025166114784235815,1.0,0.0,1.0,0.0,0.9991,0.0,0.9946,0.0,0.868,0.0,0.6449,0.0,0.0,0.0,0.01,0.0,0.7826,0.0,0.7655,0.0,0.5958,0.0,0.6042,0.0,0.2952,0.0,0.38219999999999993,0.0,0.0205,0.0,0.32,0.0
8,3,16,10,5,0.0,0.0,0.0,0.0,0.0,0.0,0.0,0.0,0.0,0.0,0.0,0.0,0.0,0.0,0.0,0.0,0.06160000000000001,0.0,0.0,0.0,1.0,0.0,1.0,0.0,0.9991,0.0,0.9946,0.0,0.868,0.0,0.6449,0.0,0.0,0.0,0.01,0.0,0.0,0.0,0.0,0.0,0.0,0.0,0.0,0.0,0.0,0.0,0.0,0.0,0.0205,0.0,0.0,0.0
8,3,16,12,5,0.0,0.0,0.0,0.0,0.0,0.0,0.0,0.0,0.0,0.0,0.0,0.0,0.0,0.0,0.0,0.0,0.06160000000000001,0.0,0.0,0.0,1.0,0.0,1.0,0.0,0.9991,0.0,0.9946,0.0,0.868,0.0,0.6449,0.0,0.0,0.0,0.01,0.0,0.0,0.0,0.0,0.0,0.0,0.0,0.0,0.0,0.0,0.0,0.0,0.0,0.0205,0.0,0.0,0.0
8,3,16,14,5,0.0,0.0,0.0,0.0,0.0,0.0,0.0,0.0,0.0,0.0,0.0,0.0,0.0,0.0,0.0,0.0,0.06160000000000001,0.0,0.0,0.0,1.0,0.0,1.0,0.0,0.9991,0.0,0.9946,0.0,0.868,0.0,0.6449,0.0,0.0,0.0,0.01,0.0,0.0,0.0,0.0,0.0,0.0,0.0,0.0,0.0,0.0,0.0,0.0,0.0,0.0205,0.0,0.0,0.0
8,3,16,16,5,0.0,0.0,0.0,0.0,0.0,0.0,0.0,0.0,0.0,0.0,0.0,0.0,0.0,0.0,0.0,0.0,0.06160000000000001,0.0,0.0,0.0,1.0,0.0,1.0,0.0,0.9991,0.0,0.9946,0.0,0.868,0.0,0.6449,0.0,0.0,0.0,0.01,0.0,0.0,0.0,0.0,0.0,0.0,0.0,0.0,0.0,0.0,0.0,0.0,0.0,0.0205,0.0,0.0,0.0
8,4,4,2,5,0.9974,0.0,0.9746,0.0,0.0589,0.0,0.7940999999999999,0.0,0.9885,0.0,0.9361,0.0,0.8324000000000001,0.0,0.7048,0.0,0.053,0.0,0.05000000000000001,0.0,1.0,0.0,0.9973,0.0,0.9983,0.0,0.9827,0.0,0.8981,0.0,0.7543000000000001,0.0,0.0,0.0,0.02,0.0,0.9974,0.0,0.9746,0.0,0.9885,0.0,0.9361,0.0,0.8324000000000001,0.0,0.7048,0.0,0.013199999999999998,0.0,0.05000000000000001,0.0
8,4,4,4,5,0.9273333333333333,0.0005507570547286335,0.8740333333333333,0.0012662279942148354,0.2803333333333333,0.0018175074506954268,0.7787000000000001,0.002364318083507346,0.8187000000000001,0.002095232683975679,0.7508666666666667,0.00040414518843277363,0.5166333333333334,0.0007023769168568852,0.5527,0.00017320508075686865,0.053,0.0,0.25,0.0,1.0,0.0,0.9973,0.0,0.9983,0.0,0.9827,0.0,0.8981,0.0,0.7543000000000001,0.0,0.0,0.0,0.02,0.0,0.9302,0.0,0.8767,0.0,0.8237,0.0,0.7542,0.0,0.5219,0.0,0.5552,0.0,0.013199999999999998,0.0,0.24,0.0
8,4,8,2,5,0.9997000000000001,0.0,0.9975999999999999,0.0,0.0174,0.0,0.855,0.0,0.9943,0.0,0.9732,0.0,0.8236,0.0,0.6066,0.0,0.0821,0.0,0.04,0.0,1.0,0.0,1.0,0.0,0.9991,0.0,0.9946,0.0,0.868,0.0,0.6449,0.0,0.0,0.0,0.01,0.0,0.9997000000000001,0.0,0.9975999999999999,0.0,0.9943,0.0,0.9732,0.0,0.8236,0.0,0.6066,0.0,0.0205,0.0,0.04,0.0
8,4,8,4,5,0.9860666666666668,0.0011930353445449118,0.9664333333333334,0.00051316014394464,0.17326666666666668,0.0016502525059315484,0.8607333333333332,0.0014364307617610152,0.9530333333333333,0.0009291573243177626,0.8960666666666667,0.001350308606701902,0.7194333333333334,0.000763762615825965,0.5525,0.0010583005244257932,0.0821,0.0,0.10000000000000002,0.0,1.0,0.0,1.0,0.0,0.9991,0.0,0.9946,0.0,0.868,0.0,0.6449,0.0,0.0,0.0,0.01,0.0,0.9888,0.0,0.9672,0.0,0.9555000000000001,0.0,0.9001,0.0,0.7269,0.0,0.5543,0.0,0.0205,0.0,0.09000000000000001,0.0
8,4,8,6,5,0.9255333333333334,0.0020550750189063803,0.8547333333333333,0.004244211744639206,0.49123333333333336,0.007000952316173381,0.7840000000000001,0.002666458325194686,0.8302999999999999,0.0029512709126747645,0.7642333333333333,0.0032715949219506817,0.48963333333333336,0.000763762615825968,0.48643333333333333,0.001289702808143533,0.0821,0.0,0.15666666666666665,0.005773502691896267,1.0,0.0,1.0,0.0,0.9991,0.0,0.9946,0.0,0.868,0.0,0.6449,0.0,0.0,0.0,0.01,0.0,0.9379,0.0,0.8672,0.0,0.8542,0.0,0.7817,0.0,0.5198,0.0,0.49510000000000004,0.0,0.0205,0.0,0.15,0.0
8,4,8,8,5,0.7576333333333333,0.005000333322222939,0.7478666666666666,0.0012503332889007102,0.5769333333333333,0.004726873526268005,0.7131333333333334,0.001270170592217149,0.5700666666666666,0.000230940107675897,0.5802666666666667,0.005643875736879237,0.27026666666666666,0.002983845393671292,0.36883333333333335,0.0012662279942148302,0.0821,0.0,0.3433333333333333,0.011547005383792485,1.0,0.0,1.0,0.0,0.9991,0.0,0.9946,0.0,0.868,0.0,0.6449,0.0,0.0,0.0,0.01,0.0,0.7826,0.0,0.7655,0.0,0.5958,0.0,0.6042,0.0,0.2952,0.0,0.38219999999999993,0.0,0.0205,0.0,0.32,0.0
8,4,16,2,5,0.9997000000000001,0.0,0.9975999999999999,0.0,0.0174,0.0,0.855,0.0,0.9943,0.0,0.9732,0.0,0.8236,0.0,0.6066,0.0,0.0821,0.0,0.04,0.0,1.0,0.0,1.0,0.0,0.9991,0.0,0.9946,0.0,0.868,0.0,0.6449,0.0,0.0,0.0,0.01,0.0,0.9997000000000001,0.0,0.9975999999999999,0.0,0.9943,0.0,0.9732,0.0,0.8236,0.0,0.6066,0.0,0.0205,0.0,0.04,0.0
8,4,16,4,5,0.9875000000000002,0.00017320508075686865,0.9630000000000001,0.0024637369989510063,0.17523333333333335,0.0020984120980716134,0.8573333333333334,0.001858314648635589,0.9515333333333333,0.001501110699893054,0.8934666666666667,0.001436430761761068,0.7188666666666667,0.0009237604307034356,0.5518666666666666,0.0009291573243177915,0.0821,0.0,0.10333333333333333,0.0057735026918962545,1.0,0.0,1.0,0.0,0.9991,0.0,0.9946,0.0,0.868,0.0,0.6449,0.0,0.0,0.0,0.01,0.0,0.9888,0.0,0.9672,0.0,0.9555000000000001,0.0,0.9001,0.0,0.7269,0.0,0.5543,0.0,0.0205,0.0,0.09000000000000001,0.0
8,4,16,6,5,0.9248666666666666,0.0014640127503998453,0.8545666666666666,0.0052309973555081995,0.48923333333333335,0.004495924080023281,0.7831666666666667,0.003800438571182729,0.8318,0.001915724406066782,0.7650333333333333,0.0026083200212652907,0.4893,0.0009000000000000119,0.4859,0.0009848857801796197,0.0821,0.0,0.16,0.0,1.0,0.0,1.0,0.0,0.9991,0.0,0.9946,0.0,0.868,0.0,0.6449,0.0,0.0,0.0,0.01,0.0,0.9379,0.0,0.8672,0.0,0.8542,0.0,0.7817,0.0,0.5198,0.0,0.49510000000000004,0.0,0.0205,0.0,0.15,0.0
8,4,16,8,5,0.7606,0.0017776388834630375,0.7461666666666668,0.002236813209307672,0.5757,0.004813522618623475,0.7121666666666666,0.0027790885796126633,0.5690333333333334,0.0011060440015358691,0.5805666666666667,0.005084617324178241,0.2735666666666667,0.0022722969289539078,0.36850000000000005,0.0005291502622129148,0.0821,0.0,0.33666666666666667,0.0057735026918962675,1.0,0.0,1.0,0.0,0.9991,0.0,0.9946,0.0,0.868,0.0,0.6449,0.0,0.0,0.0,0.01,0.0,0.7826,0.0,0.7655,0.0,0.5958,0.0,0.6042,0.0,0.2952,0.0,0.38219999999999993,0.0,0.0205,0.0,0.32,0.0
8,4,16,10,5,0.0,0.0,0.0,0.0,0.0,0.0,0.0,0.0,0.0,0.0,0.0,0.0,0.0,0.0,0.0,0.0,0.0821,0.0,0.0,0.0,1.0,0.0,1.0,0.0,0.9991,0.0,0.9946,0.0,0.868,0.0,0.6449,0.0,0.0,0.0,0.01,0.0,0.0,0.0,0.0,0.0,0.0,0.0,0.0,0.0,0.0,0.0,0.0,0.0,0.0205,0.0,0.0,0.0
8,4,16,12,5,0.0,0.0,0.0,0.0,0.0,0.0,0.0,0.0,0.0,0.0,0.0,0.0,0.0,0.0,0.0,0.0,0.0821,0.0,0.0,0.0,1.0,0.0,1.0,0.0,0.9991,0.0,0.9946,0.0,0.868,0.0,0.6449,0.0,0.0,0.0,0.01,0.0,0.0,0.0,0.0,0.0,0.0,0.0,0.0,0.0,0.0,0.0,0.0,0.0,0.0205,0.0,0.0,0.0
8,4,16,14,5,0.0,0.0,0.0,0.0,0.0,0.0,0.0,0.0,0.0,0.0,0.0,0.0,0.0,0.0,0.0,0.0,0.0821,0.0,0.0,0.0,1.0,0.0,1.0,0.0,0.9991,0.0,0.9946,0.0,0.868,0.0,0.6449,0.0,0.0,0.0,0.01,0.0,0.0,0.0,0.0,0.0,0.0,0.0,0.0,0.0,0.0,0.0,0.0,0.0,0.0205,0.0,0.0,0.0
8,4,16,16,5,0.0,0.0,0.0,0.0,0.0,0.0,0.0,0.0,0.0,0.0,0.0,0.0,0.0,0.0,0.0,0.0,0.0821,0.0,0.0,0.0,1.0,0.0,1.0,0.0,0.9991,0.0,0.9946,0.0,0.868,0.0,0.6449,0.0,0.0,0.0,0.01,0.0,0.0,0.0,0.0,0.0,0.0,0.0,0.0,0.0,0.0,0.0,0.0,0.0,0.0205,0.0,0.0,0.0
16,2,4,2,5,0.9920666666666667,0.0011930353445448385,0.9476999999999999,0.003675595189897843,0.13506666666666667,0.006429100507328638,0.6218,0.0044542114902640356,0.9710666666666666,0.002775487945088861,0.8761333333333333,0.003165964834506666,0.6413,0.0027184554438136298,0.7698999999999999,0.002165640782770763,0.015400000000000002,0.0,0.10666666666666667,0.005773502691896256,0.9997000000000001,0.0,0.9960999999999999,0.0,0.9979,0.0,0.9748,0.0,0.7684000000000001,0.0,0.8537,0.0,0.0,0.0,0.02,0.0,0.9954,0.0,0.9719000000000001,0.0,0.9868,0.0,0.9181,0.0,0.6850999999999999,0.0,0.7999,0.0,0.007700000000000001,0.0,0.07,0.0
16,2,4,4,5,0.6762,0.00785429818634349,0.6140666666666666,0.007952567719506294,0.29986666666666667,0.012308669031756963,0.43839999999999996,0.008425556361451736,0.4961,0.002951270912674715,0.4038333333333333,0.003043572462310257,0.1986,0.0024020824298928716,0.36000000000000004,0.005930430001273101,0.015400000000000002,0.0,0.63,0.010000000000000009,0.9997000000000001,0.0,0.9960999999999999,0.0,0.9979,0.0,0.9748,0.0,0.7684000000000001,0.0,0.8537,0.0,0.0,0.0,0.02,0.0,0.9302,0.0,0.8305000000000001,0.0,0.8431000000000001,0.0,0.7154000000000001,0.0,0.42849999999999994,0.0,0.6349,0.0,0.007700000000000001,0.0,0.22,0.0
16,2,8,2,5,0.9997000000000001,0.0,0.9963333333333333,0.000873689494805391,0.0184,0.0010535653752852744,0.7708666666666666,0.0012662279942148354,0.9969333333333333,0.00045092497528223974,0.9753333333333334,0.0021548395145191968,0.8728000000000001,0.0022068076490713694,0.7254,0.0008717797887080609,0.026399999999999996,0.0,0.02666666666666667,0.005773502691896255,1.0,0.0,1.0,0.0,1.0,0.0,0.9994999999999999,0.0,0.9146,0.0,0.7749,0.0,0.0,0.0,0.0,0.0,1.0,0.0,0.9994999999999999,0.0,0.9991,0.0,0.9847,0.0,0.8878,0.0,0.7397,0.0,0.013199999999999998,0.0,0.02,0.0
16,2,8,4,5,0.9608,0.0006000000000000449,0.9097666666666666,0.0027300793639257683,0.24283333333333335,0.0037166292972710007,0.789,0.004550824101193155,0.8676333333333334,0.005950070027599125,0.8055666666666667,0.004752192476461115,0.574,0.0022516660498396266,0.5885333333333334,0.0009814954576223358,0.026399999999999996,0.0,0.16666666666666666,0.005773502691896261,1.0,0.0,1.0,0.0,1.0,0.0,0.9994999999999999,0.0,0.9146,0.0,0.7749,0.0,0.0,0.0,0.0,0.0,0.9983,0.0,0.9792,0.0,0.9863,0.0,0.9386,0.0,0.8206000000000001,0.0,0.6871,0.0,0.013199999999999998,0.0,0.05000000000000001,0.0
16,2,8,6,5,0.7019333333333333,0.012625899307904014,0.7112666666666666,0.009994665243685412,0.41933333333333334,0.014307457263026633,0.6866333333333333,0.010165792312128597,0.47413333333333335,0.003700450423034082,0.43100000000000005,0.010836512354074054,0.22873333333333334,0.0029569128044860094,0.361,0.0039837168574083995,0.026399999999999996,0.0,0.6066666666666666,0.02081665999466133,1.0,0.0,1.0,0.0,1.0,0.0,0.9994999999999999,0.0,0.9146,0.0,0.7749,0.0,0.0,0.0,0.0,0.0,0.9765,0.0,0.9371,0.0,0.9267,0.0,0.8609,0.0,0.6444,0.0,0.6219,0.0,0.013199999999999998,0.0,0.11,0.0
16,2,8,8,5,0.32093333333333335,0.01423528479986732,0.14806666666666668,0.017769168054057382,0.2709,0.017561605849124383,0.14706666666666668,0.017386584866883242,0.18389999999999998,0.004932544982055414,0.0414,0.004058324777540605,0.028,0.0006244997998398394,0.127,0.004956813492557493,0.026399999999999996,0.0,1.0766666666666669,0.03785938897200188,1.0,0.0,1.0,0.0,1.0,0.0,0.9994999999999999,0.0,0.9146,0.0,0.7749,0.0,0.0,0.0,0.0,0.0,0.8804,0.0,0.8476,0.0,0.733,0.0,0.6777000000000001,0.0,0.421,0.0,0.4882,0.0,0.013199999999999998,0.0,0.29,0.0
16,2,16,2,5,1.0,0.0,1.0,0.0,0.006999999999999999,0.00017320508075688773,0.8207999999999999,0.008248636250920512,0.9985333333333334,0.0015011106998929979,0.9986666666666667,0.0006506407098647443,0.8243666666666667,0.001026320287889372,0.6171666666666668,0.00212210587231956,0.041,0.0,0.0,0.0,1.0,0.0,1.0,0.0,1.0,0.0,1.0,0.0,0.8851999999999999,0.0,0.6634,0.0,0.0,0.0,0.0,0.0,1.0,0.0,1.0,0.0,0.9994,0.0,1.0,0.0,0.8336,0.0,0.6277,0.0,0.0205,0.0,0.0,0.0
16,2,16,4,5,0.9891333333333333,0.002267891825756531,0.9723666666666667,0.01251092855599984,0.15940000000000001,0.012040348832155991,0.8611666666666666,0.015569949689492768,0.9493,0.002523885892824773,0.894,0.00536935750346349,0.7204333333333333,0.0015373136743466616,0.5356333333333333,0.001504437879519539,0.041,0.0,0.10333333333333333,0.005773502691896256,1.0,0.0,1.0,0.0,1.0,0.0,1.0,0.0,0.8851999999999999,0.0,0.6634,0.0,0.0,0.0,0.0,0.0,0.9997000000000001,0.0,1.0,0.0,0.9937,0.0,0.9899999999999999,0.0,0.8089,0.0,0.5973,0.0,0.0205,0.0,0.01,0.0
16,2,16,6,5,0.9238,0.0019467922333932478,0.8436333333333333,0.001887679351302374,0.529,0.012610709734190218,0.7694666666666666,0.0025967928938082957,0.7868,0.010123734488813926,0.7478333333333333,0.004384442191811069,0.45080000000000003,0.0033151168908501514,0.4577333333333333,0.0024131583730317456,0.041,0.0,0.16666666666666666,0.005773502691896267,1.0,0.0,1.0,0.0,1.0,0.0,1.0,0.0,0.8851999999999999,0.0,0.6634,0.0,0.0,0.0,0.0,0.0,0.9940000000000001,0.0,0.9946,0.0,0.9779,0.0,0.9453999999999999,0.0,0.775,0.0,0.5649,0.0,0.0205,0.0,0.06,0.0
16,2,16,8,5,0.7791666666666667,0.003450120770832959,0.7667,0.001374772708486758,0.5845,0.005461684721768535,0.7276666666666666,0.002100793500878488,0.5673666666666667,0.00285715476187998,0.6056666666666667,0.008447682127858083,0.2804,0.004439594576084617,0.3776,0.00330454232837168,0.041,0.0,0.28,0.0,1.0,0.0,1.0,0.0,1.0,0.0,1.0,0.0,0.8851999999999999,0.0,0.6634,0.0,0.0,0.0,0.0,0.0,0.9863,0.0,0.9631,0.0,0.9463,0.0,0.8816,0.0,0.7093000000000002,0.0,0.5317,0.0,0.0205,0.0,0.11,0.0
16,2,16,10,5,0.5373,0.012688971589533948,0.6222333333333333,0.0074902158402367245,0.4471,0.002946183972531232,0.6119666666666667,0.008159248331392675,0.30093333333333333,0.019994082457900735,0.35306666666666664,0.008863595959503857,0.15533333333333332,0.003663786747797054,0.2720666666666667,0.0020647840887931582,0.041,0.0,0.5533333333333333,0.025166114784235798,1.0,0.0,1.0,0.0,1.0,0.0,1.0,0.0,0.8851999999999999,0.0,0.6634,0.0,0.0,0.0,0.0,0.0,0.9691,0.0,0.8948,0.0,0.8933,0.0,0.811,0.0,0.5906,0.0,0.4985,0.0,0.0205,0.0,0.14,0.0
16,2,16,12,5,0.23753333333333335,0.021020307641262857,0.40359999999999996,0.01653209000701359,0.2229,0.019833557421703257,0.40303333333333335,0.01601322370209488,0.06416666666666666,0.006463229326995393,0.13196666666666665,0.009330237581826798,0.040299999999999996,0.001410673597966587,0.1938,0.0045508241011931,0.041,0.0,1.2533333333333332,0.051316014394468853,1.0,0.0,1.0,0.0,1.0,0.0,1.0,0.0,0.8851999999999999,0.0,0.6634,0.0,0.0,0.0,0.0,0.0,0.9255999999999999,0.0,0.8454,0.0,0.7973,0.0,0.7658,0.0,0.46659999999999996,0.0,0.468,0.0,0.0205,0.0,0.16,0.0
16,2,16,14,5,0.0126,0.0024637369989509834,0.0829,0.03663864080448401,0.0126,0.0024637369989509834,0.0829,0.03663864080448401,0.0021,0.0006928203230275509,0.010433333333333334,0.005379900866496828,0.0018000000000000002,0.00017320508075688778,0.043466666666666674,0.0020033305601755624,0.041,0.0,2.25,0.10392304845413274,1.0,0.0,1.0,0.0,1.0,0.0,1.0,0.0,0.8851999999999999,0.0,0.6634,0.0,0.0,0.0,0.0,0.0,0.8458,0.0,0.7985000000000001,0.0,0.6894,0.0,0.6953,0.0,0.3605,0.0,0.431,0.0,0.0205,0.0,0.16,0.0
16,2,16,16,5,0.0,0.0,0.0,0.0,0.0,0.0,0.0,0.0,0.0,0.0,0.0,0.0,0.0,0.0,0.0005333333333333333,0.0002516611478423584,0.041,0.0,0.0,0.0,1.0,0.0,1.0,0.0,1.0,0.0,1.0,0.0,0.8851999999999999,0.0,0.6634,0.0,0.0,0.0,0.0,0.0,0.7111,0.0,0.7327,0.0,0.4703,0.0,0.515,0.0,0.2357,0.0,0.3402,0.0,0.0205,0.0,0.4000000000000001,0.0
16,3,4,2,5,0.9943,0.001039230484541324,0.9628,0.0008660254037844234,0.1007,0.0029597297173897447,0.6278,0.0010000000000000009,0.9825333333333334,0.00040414518843275764,0.9021666666666667,0.002059935274064044,0.6668333333333333,0.0004932882862316501,0.7877000000000001,0.00036055512754641693,0.0232,0.0,0.08333333333333333,0.005773502691896256,0.9997000000000001,0.0,0.9960999999999999,0.0,0.9979,0.0,0.9748,0.0,0.7684000000000001,0.0,0.8537,0.0,0.0,0.0,0.02,0.0,0.9954,0.0,0.9719000000000001,0.0,0.9868,0.0,0.9181,0.0,0.6850999999999999,0.0,0.7999,0.0,0.007700000000000001,0.0,0.07,0.0
16,3,4,4,5,0.8235,0.007133722730804738,0.7334333333333333,0.003955165398985674,0.3436333333333333,0.003932344508474998,0.5172333333333333,0.006981642595645645,0.6675,0.0038000000000000256,0.5510666666666667,0.0032868424564212206,0.2932333333333333,0.0008082903768654397,0.4826333333333333,0.001011599393699581,0.0232,0.0,0.4266666666666667,0.0057735026918962545,0.9997000000000001,0.0,0.9960999999999999,0.0,0.9979,0.0,0.9748,0.0,0.7684000000000001,0.0,0.8537,0.0,0.0,0.0,0.02,0.0,0.9302,0.0,0.8305000000000001,0.0,0.8431000000000001,0.0,0.7154000000000001,0.0,0.42849999999999994,0.0,0.6349,0.0,0.007700000000000001,0.0,0.22,0.0
16,3,8,2,5,1.0,0.0,0.9983,0.0019078784028339576,0.014100000000000001,0.0006244997998398388,0.7615333333333334,0.0008082903768654671,0.9980666666666668,0.00023094010767582486,0.9795333333333334,0.003043572462310239,0.8832999999999999,0.0008185352771872633,0.7338333333333332,0.0012858201014656965,0.0397,0.0,0.02,0.0,1.0,0.0,1.0,0.0,1.0,0.0,0.9994999999999999,0.0,0.9146,0.0,0.7749,0.0,0.0,0.0,0.0,0.0,1.0,0.0,0.9994999999999999,0.0,0.9991,0.0,0.9847,0.0,0.8878,0.0,0.7397,0.0,0.013199999999999998,0.0,0.02,0.0
16,3,8,4,5,0.9845333333333334,0.0030088757590391096,0.9441,0.0027874719729533135,0.15796666666666667,0.0036610563138708085,0.7921333333333332,0.007629110913686656,0.9335,0.005129327441292892,0.8696666666666667,0.00467582434799827,0.6804333333333333,0.004539089482851535,0.6293000000000001,0.0014933184523067754,0.0397,0.0,0.11333333333333333,0.005773502691896256,1.0,0.0,1.0,0.0,1.0,0.0,0.9994999999999999,0.0,0.9146,0.0,0.7749,0.0,0.0,0.0,0.0,0.0,0.9983,0.0,0.9792,0.0,0.9863,0.0,0.9386,0.0,0.8206000000000001,0.0,0.6871,0.0,0.013199999999999998,0.0,0.05000000000000001,0.0
16,3,8,6,5,0.8457333333333333,0.006983074776438654,0.8231,0.0018357559750686156,0.35556666666666664,0.00461988455844228,0.7614000000000001,0.0033451457367355865,0.6748,0.011139569111954007,0.6372,0.005424942396007575,0.37389999999999995,0.0014933184523068265,0.4742,0.0014106735979666034,0.0397,0.0,0.3233333333333333,0.011547005383792521,1.0,0.0,1.0,0.0,1.0,0.0,0.9994999999999999,0.0,0.9146,0.0,0.7749,0.0,0.0,0.0,0.0,0.0,0.9765,0.0,0.9371,0.0,0.9267,0.0,0.8609,0.0,0.6444,0.0,0.6219,0.0,0.013199999999999998,0.0,0.11,0.0
16,3,8,8,5,0.49639999999999995,0.014032818676231781,0.4416,0.004454211490263998,0.3509,0.013327040181525677,0.4372,0.004403407771260815,0.30433333333333334,0.0061695488759984,0.16043333333333334,0.012512527056247823,0.0917,0.004200000000000006,0.2443,0.0014106735979665956,0.0397,0.0,1.01,0.05291502622129186,1.0,0.0,1.0,0.0,1.0,0.0,0.9994999999999999,0.0,0.9146,0.0,0.7749,0.0,0.0,0.0,0.0,0.0,0.8804,0.0,0.8476,0.0,0.733,0.0,0.6777000000000001,0.0,0.421,0.0,0.4882,0.0,0.013199999999999998,0.0,0.29,0.0
16,3,16,2,5,1.0,0.0,1.0,0.0,0.0069,0.0,0.8131,0.00475078940808783,0.9991666666666666,0.00040414518843269356,0.9988666666666667,0.0007505553499464548,0.8304333333333332,0.0005859465277082175,0.6223666666666666,0.0005686240703077856,0.0615,0.0,0.0,0.0,1.0,0.0,1.0,0.0,1.0,0.0,1.0,0.0,0.8851999999999999,0.0,0.6634,0.0,0.0,0.0,0.0,0.0,1.0,0.0,1.0,0.0,0.9994,0.0,1.0,0.0,0.8336,0.0,0.6277,0.0,0.0205,0.0,0.0,0.0
16,3,16,4,5,0.9937,0.002570992026436477,0.9918666666666667,0.0028112867753634163,0.049999999999999996,0.002007485989988476,0.8632666666666666,0.0021126602503321714,0.9751666666666666,0.001563116545025765,0.9341333333333334,0.002902297940138685,0.7665333333333333,0.0029569128044859235,0.5615333333333333,0.0006350852961085425,0.0615,0.0,0.06666666666666667,0.005773502691896264,1.0,0.0,1.0,0.0,1.0,0.0,1.0,0.0,0.8851999999999999,0.0,0.6634,0.0,0.0,0.0,0.0,0.0,0.9997000000000001,0.0,1.0,0.0,0.9937,0.0,0.9899999999999999,0.0,0.8089,0.0,0.5973,0.0,0.0205,0.0,0.01,0.0
16,3,16,6,5,0.9636999999999999,0.0021656407827707535,0.8916,0.006973521348644402,0.3927333333333333,0.013960778392816547,0.7989,0.006209669878503979,0.8756333333333334,0.001700980109623099,0.8061666666666666,0.0036555893277737234,0.5740999999999999,0.005260228131934949,0.49646666666666667,0.0032929217016706065,0.0615,0.0,0.14333333333333334,0.0057735026918962545,1.0,0.0,1.0,0.0,1.0,0.0,1.0,0.0,0.8851999999999999,0.0,0.6634,0.0,0.0,0.0,0.0,0.0,0.9940000000000001,0.0,0.9946,0.0,0.9779,0.0,0.9453999999999999,0.0,0.775,0.0,0.5649,0.0,0.0205,0.0,0.06,0.0
16,3,16,8,5,0.8765999999999999,0.005350700888668725,0.8113,0.0070547856097829065,0.5774333333333334,0.01306994006617219,0.7476666666666666,0.004021608301828214,0.7242999999999999,0.0003464101615138094,0.7150333333333334,0.0007505553499464548,0.3876,0.002861817604250852,0.44003333333333333,0.0030859898466024283,0.0615,0.0,0.17,0.009999999999999981,1.0,0.0,1.0,0.0,1.0,0.0,1.0,0.0,0.8851999999999999,0.0,0.6634,0.0,0.0,0.0,0.0,0.0,0.9863,0.0,0.9631,0.0,0.9463,0.0,0.8816,0.0,0.7093000000000002,0.0,0.5317,0.0,0.0205,0.0,0.11,0.0
16,3,16,10,5,0.7558333333333334,0.007114304838375525,0.7462333333333332,0.00692411245816623,0.5788333333333333,0.010750038759620082,0.7095666666666666,0.005783885660465064,0.5503,0.006928203230275515,0.5799666666666666,0.005688878038184137,0.27003333333333335,0.002059935274064049,0.36436666666666667,0.0029091808698211677,0.0615,0.0,0.27,0.010000000000000009,1.0,0.0,1.0,0.0,1.0,0.0,1.0,0.0,0.8851999999999999,0.0,0.6634,0.0,0.0,0.0,0.0,0.0,0.9691,0.0,0.8948,0.0,0.8933,0.0,0.811,0.0,0.5906,0.0,0.4985,0.0,0.0205,0.0,0.14,0.0
16,3,16,12,5,0.5484333333333333,0.00883647742787437,0.6303,0.0113582569085226,0.45766666666666667,0.006978777352325647,0.6148333333333333,0.009782296935450964,0.31206666666666666,0.006709942871093106,0.35483333333333333,0.0023586719427112404,0.15916666666666668,0.0031628046625318817,0.2720666666666667,0.006051721518157725,0.0615,0.0,0.5466666666666667,0.030550504633038916,1.0,0.0,1.0,0.0,1.0,0.0,1.0,0.0,0.8851999999999999,0.0,0.6634,0.0,0.0,0.0,0.0,0.0,0.9255999999999999,0.0,0.8454,0.0,0.7973,0.0,0.7658,0.0,0.46659999999999996,0.0,0.468,0.0,0.0205,0.0,0.16,0.0
16,3,16,14,5,0.23729999999999998,0.008861151166750297,0.39503333333333335,0.008523105850177723,0.22713333333333333,0.012251666553303392,0.39463333333333334,0.008224556725643846,0.058499999999999996,0.004028647415696739,0.1377,0.0020000000000000018,0.04566666666666667,0.000568624070307733,0.1997,0.002910326442171056,0.0615,0.0,1.1766666666666665,0.0472581562625261,1.0,0.0,1.0,0.0,1.0,0.0,1.0,0.0,0.8851999999999999,0.0,0.6634,0.0,0.0,0.0,0.0,0.0,0.8458,0.0,0.7985000000000001,0.0,0.6894,0.0,0.6953,0.0,0.3605,0.0,0.431,0.0,0.0205,0.0,0.16,0.0
16,3,16,16,5,0.0021,0.0036373066958946426,0.049300000000000004,0.010967223896684152,0.0021,0.0036373066958946426,0.049300000000000004,0.010967223896684152,0.0004333333333333333,0.0007505553499465135,0.007333333333333334,0.0006506407098647713,0.0015999999999999999,0.0001732050807568877,0.029566666666666668,0.005314445722117532,0.0615,0.0,2.21,0.11532562594670785,1.0,0.0,1.0,0.0,1.0,0.0,1.0,0.0,0.8851999999999999,0.0,0.6634,0.0,0.0,0.0,0.0,0.0,0.7111,0.0,0.7327,0.0,0.4703,0.0,0.515,0.0,0.2357,0.0,0.3402,0.0,0.0205,0.0,0.4000000000000001,0.0
16,4,4,2,5,0.9953,0.00017320508075686865,0.9699333333333332,0.0004618802153516497,0.08679999999999999,0.00017320508075688567,0.6298,0.0013527749258469132,0.9855333333333333,0.0009073771725877823,0.9139666666666667,0.0012342339054382632,0.6801666666666666,0.0010214368964028841,0.7960333333333334,0.0004163331998932607,0.0309,0.0,0.07,0.0,0.9997000000000001,0.0,0.9960999999999999,0.0,0.9979,0.0,0.9748,0.0,0.7684000000000001,0.0,0.8537,0.0,0.0,0.0,0.02,0.0,0.9954,0.0,0.9719000000000001,0.0,0.9868,0.0,0.9181,0.0,0.6850999999999999,0.0,0.7999,0.0,0.007700000000000001,0.0,0.07,0.0
16,4,4,4,5,0.8874,0.005400925846556307,0.7769,0.0018330302779824067,0.35359999999999997,0.007377669008569061,0.5408333333333334,0.00028867513459485323,0.7630333333333333,0.0033020195840323422,0.6385666666666666,0.0003511884584284518,0.3541,0.0029206163733020603,0.5530333333333334,0.001106044001535812,0.0309,0.0,0.29,0.009999999999999967,0.9997000000000001,0.0,0.9960999999999999,0.0,0.9979,0.0,0.9748,0.0,0.7684000000000001,0.0,0.8537,0.0,0.0,0.0,0.02,0.0,0.9302,0.0,0.8305000000000001,0.0,0.8431000000000001,0.0,0.7154000000000001,0.0,0.42849999999999994,0.0,0.6349,0.0,0.007700000000000001,0.0,0.22,0.0
16,4,8,2,5,1.0,0.0,0.9986,0.0008544003745317662,0.0122,0.0006244997998398402,0.7587999999999999,0.002128379665379326,0.9988333333333334,0.00023094010767582486,0.9823666666666666,0.002084066537645448,0.887,0.00017320508075686865,0.7378,0.0006244997998398999,0.0529,0.0,0.02,0.0,1.0,0.0,1.0,0.0,1.0,0.0,0.9994999999999999,0.0,0.9146,0.0,0.7749,0.0,0.0,0.0,0.0,0.0,1.0,0.0,0.9994999999999999,0.0,0.9991,0.0,0.9847,0.0,0.8878,0.0,0.7397,0.0,0.013199999999999998,0.0,0.02,0.0
16,4,8,4,5,0.9937999999999999,0.0014422205101855446,0.9546,0.00216333076527839,0.10916666666666668,0.0013051181300301185,0.7878,0.002868797657556198,0.9641333333333334,0.002853652630109922,0.8959,0.0018734993995194909,0.7338999999999999,0.0041868842830917,0.6513,0.0009539392014169512,0.0529,0.0,0.08,0.0,1.0,0.0,1.0,0.0,1.0,0.0,0.9994999999999999,0.0,0.9146,0.0,0.7749,0.0,0.0,0.0,0.0,0.0,0.9983,0.0,0.9792,0.0,0.9863,0.0,0.9386,0.0,0.8206000000000001,0.0,0.6871,0.0,0.013199999999999998,0.0,0.05000000000000001,0.0
16,4,8,6,5,0.9134333333333333,0.001457166199626217,0.8660666666666668,0.004860384072615335,0.30806666666666666,0.012258194538076693,0.7790666666666667,0.006700248751601212,0.7795,0.00252388589282483,0.7297333333333333,0.0034674678561355775,0.4656666666666667,0.003927255190757713,0.5340333333333332,0.004932882862316264,0.0529,0.0,0.22999999999999998,0.010000000000000002,1.0,0.0,1.0,0.0,1.0,0.0,0.9994999999999999,0.0,0.9146,0.0,0.7749,0.0,0.0,0.0,0.0,0.0,0.9765,0.0,0.9371,0.0,0.9267,0.0,0.8609,0.0,0.6444,0.0,0.6219,0.0,0.013199999999999998,0.0,0.11,0.0
16,4,8,8,5,0.6258666666666667,0.011604022291142558,0.633,0.012457527844640744,0.3618333333333334,0.012573914797442111,0.6136666666666667,0.007365686209263394,0.42569999999999997,0.014588694252742463,0.33966666666666673,0.009187672900867413,0.1807,0.003732291521304296,0.31139999999999995,0.003983716857408375,0.0529,0.0,0.6333333333333333,0.005773502691896279,1.0,0.0,1.0,0.0,1.0,0.0,0.9994999999999999,0.0,0.9146,0.0,0.7749,0.0,0.0,0.0,0.0,0.0,0.8804,0.0,0.8476,0.0,0.733,0.0,0.6777000000000001,0.0,0.421,0.0,0.4882,0.0,0.013199999999999998,0.0,0.29,0.0
16,4,16,2,5,1.0,0.0,1.0,0.0,0.0069,0.0,0.8055666666666667,0.0021548395145192544,0.9994,0.0,1.0,0.0,0.8331666666666666,0.000404145188432808,0.6259,0.0009539392014169512,0.082,0.0,0.0,0.0,1.0,0.0,1.0,0.0,1.0,0.0,1.0,0.0,0.8851999999999999,0.0,0.6634,0.0,0.0,0.0,0.0,0.0,1.0,0.0,1.0,0.0,0.9994,0.0,1.0,0.0,0.8336,0.0,0.6277,0.0,0.0205,0.0,0.0,0.0
16,4,16,4,5,0.9974,0.0005196152422706781,0.9968333333333333,0.0004618802153517138,0.024966666666666665,0.0026388128644019722,0.8579666666666667,0.002294195574342653,0.9821333333333334,0.0020428737928059985,0.9651666666666667,0.0021571586249818256,0.7891,0.0014106735979665687,0.5757,0.002227105745131983,0.082,0.0,0.03333333333333333,0.005773502691896261,1.0,0.0,1.0,0.0,1.0,0.0,1.0,0.0,0.8851999999999999,0.0,0.6634,0.0,0.0,0.0,0.0,0.0,0.9997000000000001,0.0,1.0,0.0,0.9937,0.0,0.9899999999999999,0.0,0.8089,0.0,0.5973,0.0,0.0205,0.0,0.01,0.0
16,4,16,6,5,0.9789,0.001708800749063539,0.9378000000000001,0.003900000000000035,0.2383666666666667,0.006351640208114224,0.8364666666666666,0.002713546265191247,0.9227666666666666,0.006390878917123443,0.8512,0.002762245463386616,0.6593666666666667,0.0034195516275285828,0.5185,0.001652271164185804,0.082,0.0,0.12666666666666668,0.005773502691896267,1.0,0.0,1.0,0.0,1.0,0.0,1.0,0.0,0.8851999999999999,0.0,0.6634,0.0,0.0,0.0,0.0,0.0,0.9940000000000001,0.0,0.9946,0.0,0.9779,0.0,0.9453999999999999,0.0,0.775,0.0,0.5649,0.0,0.0205,0.0,0.06,0.0
16,4,16,8,5,0.9268666666666667,0.004705670338361289,0.8479666666666666,0.006600252520421755,0.5206666666666667,0.005918051481132436,0.7726666666666667,0.008043216603656351,0.8043,0.0065817930687616984,0.7609,0.0027622454633865847,0.46223333333333333,0.003137408697210699,0.4667333333333334,0.0017785762095938725,0.082,0.0,0.15333333333333332,0.005773502691896261,1.0,0.0,1.0,0.0,1.0,0.0,1.0,0.0,0.8851999999999999,0.0,0.6634,0.0,0.0,0.0,0.0,0.0,0.9863,0.0,0.9631,0.0,0.9463,0.0,0.8816,0.0,0.7093000000000002,0.0,0.5317,0.0,0.0205,0.0,0.11,0.0
16,4,16,10,5,0.8298666666666668,0.0011547005383792605,0.7831666666666667,0.00011547005383791244,0.5862999999999999,0.0033451457367354824,0.7297333333333333,0.002122105872319612,0.6635,0.002847806173179639,0.6704666666666667,0.0036828431046316873,0.33349999999999996,0.0014106735979666034,0.4150666666666667,0.0027934447074057637,0.082,0.0,0.17666666666666667,0.0057735026918962545,1.0,0.0,1.0,0.0,1.0,0.0,1.0,0.0,0.8851999999999999,0.0,0.6634,0.0,0.0,0.0,0.0,0.0,0.9691,0.0,0.8948,0.0,0.8933,0.0,0.811,0.0,0.5906,0.0,0.4985,0.0,0.0205,0.0,0.14,0.0
16,4,16,12,5,0.7042333333333334,0.018898236249272966,0.7276333333333334,0.002761038451983774,0.5529000000000001,0.017342433508593883,0.701,0.0028213471959332172,0.4726333333333333,0.015901048183479375,0.5307333333333334,0.007934943814125808,0.23399999999999999,0.0007999999999999952,0.34103333333333335,0.0005507570547286058,0.082,0.0,0.35666666666666663,0.011547005383792533,1.0,0.0,1.0,0.0,1.0,0.0,1.0,0.0,0.8851999999999999,0.0,0.6634,0.0,0.0,0.0,0.0,0.0,0.9255999999999999,0.0,0.8454,0.0,0.7973,0.0,0.7658,0.0,0.46659999999999996,0.0,0.468,0.0,0.0205,0.0,0.16,0.0
16,4,16,14,5,0.47759999999999997,0.012124768039018307,0.5680999999999999,0.006780117993073578,0.41276666666666667,0.0041064989143226715,0.5596333333333333,0.005739628327107354,0.2359,0.0058386642307980095,0.2856666666666667,0.0038940124978399165,0.13103333333333333,0.0041681330752908145,0.2471,0.002740437921208921,0.082,0.0,0.6766666666666667,0.05507570547286098,1.0,0.0,1.0,0.0,1.0,0.0,1.0,0.0,0.8851999999999999,0.0,0.6634,0.0,0.0,0.0,0.0,0.0,0.8458,0.0,0.7985000000000001,0.0,0.6894,0.0,0.6953,0.0,0.3605,0.0,0.431,0.0,0.0205,0.0,0.16,0.0
16,4,16,16,5,0.0946,0.01284211820534291,0.2568,0.010792126759818933,0.0946,0.01284211820534291,0.2568,0.010792126759818933,0.017266666666666666,0.0022120880030716077,0.05586666666666667,0.0064291005073286375,0.0114,0.0014106735979665887,0.13183333333333333,0.005238638499966694,0.082,0.0,1.6433333333333333,0.1913983629327413,1.0,0.0,1.0,0.0,1.0,0.0,1.0,0.0,0.8851999999999999,0.0,0.6634,0.0,0.0,0.0,0.0,0.0,0.7111,0.0,0.7327,0.0,0.4703,0.0,0.515,0.0,0.2357,0.0,0.3402,0.0,0.0205,0.0,0.4000000000000001,0.0
32,2,4,2,5,0.9733999999999999,0.003439476704383913,0.9065666666666666,0.0023115651263447686,0.3116666666666667,0.009844964872122882,0.6643333333333333,0.0029535289626704824,0.9197000000000001,0.002022374841615718,0.8228333333333332,0.0019629909152446717,0.5527000000000001,0.0038196858509568945,0.7909,0.0024020824298927918,0.0084,0.0,0.15666666666666665,0.005773502691896261,0.9986,0.0,0.9946,0.0,0.9947,0.0,0.9703,0.0,0.7398000000000001,0.0,0.9148,0.0,0.0,0.0,0.03,0.0,0.9934,0.0,0.9648,0.0,0.9776000000000001,0.0,0.9034,0.0,0.6509,0.0,0.8609,0.0,0.0042,0.0,0.09000000000000001,0.0
32,2,4,4,5,0.30160000000000003,0.009361623790774747,0.3582,0.0169717412188614,0.13433333333333333,0.002829016319029163,0.2319,0.015060212481900774,0.21053333333333332,0.006304231383232485,0.19163333333333332,0.008764892089086625,0.08843333333333332,0.0012503332889007377,0.13770000000000002,0.002451530134426239,0.0084,0.0,0.9266666666666667,0.0057735026918962545,0.9986,0.0,0.9946,0.0,0.9947,0.0,0.9703,0.0,0.7398000000000001,0.0,0.9148,0.0,0.0,0.0,0.03,0.0,0.8946999999999999,0.0,0.8097,0.0,0.7840000000000001,0.0,0.6948,0.0,0.38630000000000003,0.0,0.6778,0.0,0.0042,0.0,0.25,0.0
32,2,8,2,5,0.9973333333333333,0.0011547005383792605,0.9858333333333333,0.0002516611478423306,0.053233333333333334,0.004508140784551137,0.5750333333333334,0.0020792626898334795,0.9895,0.001153256259467062,0.9470000000000001,0.005480875842417899,0.6675333333333334,0.003690979996333406,0.8158666666666666,0.0018175074506953449,0.0155,0.0,0.049999999999999996,0.009999999999999997,1.0,0.0,1.0,0.0,0.9987,0.0,0.9964,0.0,0.7726000000000001,0.0,0.8737,0.0,0.0,0.0,0.0,0.0,1.0,0.0,0.9988,0.0,0.9974,0.0,0.9818000000000001,0.0,0.7097000000000001,0.0,0.8473,0.0,0.007799999999999999,0.0,0.02,0.0
32,2,8,4,5,0.8831666666666668,0.0033246553706111626,0.7897666666666666,0.006373643646559918,0.33876666666666666,0.00930609119519752,0.5352,0.007754353615872804,0.7370000000000001,0.003950949253027698,0.6347,0.0009000000000000397,0.29033333333333333,0.0029501412395567406,0.5615333333333333,0.0023245071162148563,0.0155,0.0,0.2733333333333334,0.015275252316519458,1.0,0.0,1.0,0.0,0.9987,0.0,0.9964,0.0,0.7726000000000001,0.0,0.8737,0.0,0.0,0.0,0.0,0.0,0.9946,0.0,0.9726,0.0,0.9817,0.0,0.9209,0.0,0.637,0.0,0.7908,0.0,0.007799999999999999,0.0,0.06,0.0
32,2,8,6,5,0.44670000000000004,0.020398774472992216,0.45016666666666666,0.017752840148363126,0.18536666666666668,0.012608462766464967,0.31443333333333334,0.014718129410130013,0.3113666666666667,0.005661566332149908,0.22926666666666665,0.008400793613304243,0.08539999999999999,0.0027184554438136454,0.18763333333333332,0.007295432360959377,0.0155,0.0,0.71,0.062449979983983966,1.0,0.0,1.0,0.0,0.9987,0.0,0.9964,0.0,0.7726000000000001,0.0,0.8737,0.0,0.0,0.0,0.0,0.0,0.9716999999999999,0.0,0.8934000000000001,0.0,0.9266,0.0,0.8104999999999999,0.0,0.4896,0.0,0.7216,0.0,0.007799999999999999,0.0,0.12,0.0
32,2,8,8,5,0.2571333333333333,0.008021429631514136,0.24873333333333333,0.005105226080530941,0.0944,0.0024637369989509834,0.1688666666666667,0.0077552133003118235,0.18166666666666664,0.0024337899115029096,0.12113333333333333,0.00295352896267048,0.04103333333333333,0.0011718930554164612,0.007266666666666667,0.0018175074506954112,0.0155,0.0,0.6733333333333333,0.015275252316519427,1.0,0.0,1.0,0.0,0.9987,0.0,0.9964,0.0,0.7726000000000001,0.0,0.8737,0.0,0.0,0.0,0.0,0.0,0.8799,0.0,0.7885,0.0,0.7502,0.0,0.6461,0.0,0.3033,0.0,0.5711,0.0,0.007799999999999999,0.0,0.24,0.0
32,2,16,2,5,1.0,0.0,1.0,0.0,0.007533333333333334,0.00028867513459481306,0.7245333333333334,0.004200396806652121,1.0,0.0,0.9958333333333332,0.001985782801147524,0.8769666666666667,0.0018583146486354685,0.7415666666666666,0.0020526405757788006,0.026399999999999996,0.0,0.0,0.0,1.0,0.0,1.0,0.0,1.0,0.0,1.0,0.0,0.9219,0.0,0.7841999999999999,0.0,0.0,0.0,0.0,0.0,1.0,0.0,1.0,0.0,1.0,0.0,1.0,0.0,0.8861,0.0,0.7575,0.0,0.013199999999999998,0.0,0.0,0.0
32,2,16,4,5,0.9934333333333334,0.0007371114795831967,0.9638,0.0034597687784012573,0.13713333333333333,0.010802931700854777,0.8090333333333333,0.004579665198825496,0.9306000000000001,0.0022605309110915457,0.8743333333333334,0.0008082903768655232,0.6648333333333333,0.00807547728207645,0.6150666666666667,0.00513257570166613,0.026399999999999996,0.0,0.10666666666666667,0.005773502691896256,1.0,0.0,1.0,0.0,1.0,0.0,1.0,0.0,0.9219,0.0,0.7841999999999999,0.0,0.0,0.0,0.0,0.0,1.0,0.0,1.0,0.0,0.9994,0.0,0.9941,0.0,0.8728000000000001,0.0,0.7324,0.0,0.013199999999999998,0.0,0.0,0.0
32,2,16,6,5,0.8449666666666666,0.007333030296769068,0.8302,0.008650433515148208,0.3632666666666666,0.02560026041534213,0.7725666666666667,0.010576546380238411,0.6233333333333334,0.004534681172181039,0.6282,0.011605171261123209,0.37073333333333336,0.00612318000170937,0.47680000000000006,0.0033151168908501782,0.026399999999999996,0.0,0.3333333333333333,0.0057735026918962675,1.0,0.0,1.0,0.0,1.0,0.0,1.0,0.0,0.9219,0.0,0.7841999999999999,0.0,0.0,0.0,0.0,0.0,0.9994,0.0,0.9960999999999999,0.0,0.9968,0.0,0.9657,0.0,0.8537,0.0,0.7005,0.0,0.013199999999999998,0.0,0.02,0.0
32,2,16,8,5,0.5630333333333334,0.01730096336431395,0.5815666666666667,0.023528351691806542,0.4018,0.005741950887982215,0.5708666666666666,0.022769570337038268,0.3055666666666667,0.00883194957715076,0.2630333333333333,0.00562968323561223,0.13746666666666665,0.0029091808698211664,0.3216333333333334,0.007741016298480013,0.026399999999999996,0.0,0.6766666666666667,0.03785938897200181,1.0,0.0,1.0,0.0,1.0,0.0,1.0,0.0,0.9219,0.0,0.7841999999999999,0.0,0.0,0.0,0.0,0.0,0.9989,0.0,0.9809,0.0,0.9874,0.0,0.9288,0.0,0.7972,0.0,0.6686,0.0,0.013199999999999998,0.0,0.04,0.0
32,2,16,10,5,0.2971333333333333,0.01856349464226317,0.21519999999999997,0.03391209223861011,0.26886666666666664,0.018925467849787322,0.21266666666666667,0.03181765757143876,0.13353333333333334,0.0035641735835019862,0.04573333333333333,0.010250040650325897,0.016633333333333333,0.001115048578911848,0.1928,0.002399999999999996,0.026399999999999996,0.0,1.2666666666666666,0.07767453465154033,1.0,0.0,1.0,0.0,1.0,0.0,1.0,0.0,0.9219,0.0,0.7841999999999999,0.0,0.0,0.0,0.0,0.0,0.9969,0.0,0.9609,0.0,0.9527,0.0,0.8893,0.0,0.7052999999999999,0.0,0.6306,0.0,0.013199999999999998,0.0,0.08,0.0
32,2,16,12,5,0.16190000000000002,0.016698203496184838,0.0347,0.0036755951898978217,0.16086666666666669,0.01606123698017476,0.0347,0.0036755951898978217,0.0648,0.0038157568056677834,0.009033333333333332,0.0007505553499465137,0.0037333333333333333,0.001887679351302369,0.07706666666666667,0.0029484459183327957,0.026399999999999996,0.0,1.1266666666666667,0.20840665376454115,1.0,0.0,1.0,0.0,1.0,0.0,1.0,0.0,0.9219,0.0,0.7841999999999999,0.0,0.0,0.0,0.0,0.0,0.9754,0.0,0.9308,0.0,0.8915000000000001,0.0,0.8418,0.0,0.5877,0.0,0.5982,0.0,0.013199999999999998,0.0,0.11,0.0
32,2,16,14,5,0.08436666666666666,0.004368447474027056,0.0034333333333333334,0.0017616280348965083,0.08436666666666666,0.004368447474027056,0.0034333333333333334,0.0017616280348965083,0.021866666666666663,0.003165964834506747,0.0024,0.0003464101615137753,0.0007999999999999999,0.0004,0.031133333333333332,0.0033171272711991833,0.026399999999999996,0.0,1.5566666666666666,0.17039170558842734,1.0,0.0,1.0,0.0,1.0,0.0,1.0,0.0,0.9219,0.0,0.7841999999999999,0.0,0.0,0.0,0.0,0.0,0.9288,0.0,0.9017,0.0,0.805,0.0,0.7738999999999999,0.0,0.4879,0.0,0.5497,0.0,0.013199999999999998,0.0,0.15,0.0
32,2,16,16,5,0.013333333333333334,0.005916361494477271,0.0009000000000000001,0.0001732050807568877,0.013333333333333334,0.005916361494477271,0.0009000000000000001,0.0001732050807568877,0.0029666666666666665,0.000971253485622231,0.0007,0.0,0.00013333333333333334,0.0002309401076758503,0.0061,0.0012000000000000003,0.026399999999999996,0.0,1.8333333333333333,0.23860706890897704,1.0,0.0,1.0,0.0,1.0,0.0,1.0,0.0,0.9219,0.0,0.7841999999999999,0.0,0.0,0.0,0.0,0.0,0.8355,0.0,0.8382999999999999,0.0,0.6404,0.0,0.5946,0.0,0.3529,0.0,0.4495,0.0,0.013199999999999998,0.0,0.34,0.0
32,3,4,2,5,0.9861,0.0017349351572897138,0.9386333333333333,0.004891148467725462,0.2371,0.006670082458260924,0.6863666666666667,0.004437717130838026,0.9512,0.0037643060449437577,0.8571,0.00343947670438402,0.5979666666666666,0.0039627431576287385,0.8252,0.0024979991993593176,0.012699999999999998,0.0,0.13333333333333333,0.011547005383792528,0.9986,0.0,0.9946,0.0,0.9947,0.0,0.9703,0.0,0.7398000000000001,0.0,0.9148,0.0,0.0,0.0,0.03,0.0,0.9934,0.0,0.9648,0.0,0.9776000000000001,0.0,0.9034,0.0,0.6509,0.0,0.8609,0.0,0.0042,0.0,0.09000000000000001,0.0
32,3,4,4,5,0.5134666666666666,0.015643635553583245,0.5349333333333334,0.01291368782855355,0.3174333333333333,0.014187788176221626,0.3960333333333333,0.012196857518776458,0.3154666666666667,0.008170883265188267,0.31276666666666664,0.00873059753586964,0.12956666666666666,0.004200396806652117,0.3216,0.0006999999999999784,0.012699999999999998,0.0,0.89,0.030000000000000027,0.9986,0.0,0.9946,0.0,0.9947,0.0,0.9703,0.0,0.7398000000000001,0.0,0.9148,0.0,0.0,0.0,0.03,0.0,0.8946999999999999,0.0,0.8097,0.0,0.7840000000000001,0.0,0.6948,0.0,0.38630000000000003,0.0,0.6778,0.0,0.0042,0.0,0.25,0.0
32,3,8,2,5,0.9993,0.0003464101615138014,0.9946,0.0010000000000000286,0.028333333333333332,0.0010263202878893795,0.5756666666666667,0.0021361959960015725,0.9928666666666667,0.00023094010767582486,0.9645666666666667,0.004816983841921595,0.6854999999999999,0.002910326442171002,0.8276666666666666,0.0005773502691896423,0.0233,0.0,0.03666666666666667,0.005773502691896256,1.0,0.0,1.0,0.0,0.9987,0.0,0.9964,0.0,0.7726000000000001,0.0,0.8737,0.0,0.0,0.0,0.0,0.0,1.0,0.0,0.9988,0.0,0.9974,0.0,0.9818000000000001,0.0,0.7097000000000001,0.0,0.8473,0.0,0.007799999999999999,0.0,0.02,0.0
32,3,8,4,5,0.9393666666666668,0.0025146238950056344,0.8412999999999999,0.01512183851256195,0.31016666666666665,0.012220201853215578,0.5487333333333334,0.013573626388453863,0.8425333333333334,0.004245389656242738,0.7378666666666667,0.004178915329763687,0.38253333333333334,0.004045161719058137,0.6434666666666667,0.0054372174256077654,0.0233,0.0,0.17333333333333334,0.025166114784235832,1.0,0.0,1.0,0.0,0.9987,0.0,0.9964,0.0,0.7726000000000001,0.0,0.8737,0.0,0.0,0.0,0.0,0.0,0.9946,0.0,0.9726,0.0,0.9817,0.0,0.9209,0.0,0.637,0.0,0.7908,0.0,0.007799999999999999,0.0,0.06,0.0
32,3,8,6,5,0.6650333333333333,0.011218437205481581,0.6036666666666667,0.006527122898592689,0.29519999999999996,0.008154140052758488,0.4202333333333333,0.00685297988712454,0.46913333333333335,0.0035218366420567177,0.3616333333333333,0.0019731531449264966,0.14093333333333333,0.00430619708482244,0.37220000000000003,0.0016643316977093161,0.0233,0.0,0.5733333333333334,0.015275252316519468,1.0,0.0,1.0,0.0,0.9987,0.0,0.9964,0.0,0.7726000000000001,0.0,0.8737,0.0,0.0,0.0,0.0,0.0,0.9716999999999999,0.0,0.8934000000000001,0.0,0.9266,0.0,0.8104999999999999,0.0,0.4896,0.0,0.7216,0.0,0.007799999999999999,0.0,0.12,0.0
32,3,8,8,5,0.33440000000000003,0.001571623364550169,0.3096,0.010844814429025525,0.11566666666666665,0.0023288051299611406,0.19453333333333334,0.01767521805617496,0.25456666666666666,0.009767974883942591,0.1645,0.004616275555033519,0.062433333333333334,0.0007505553499465114,0.026633333333333332,0.0038436094147732197,0.0233,0.0,0.5266666666666667,0.040414518843273795,1.0,0.0,1.0,0.0,0.9987,0.0,0.9964,0.0,0.7726000000000001,0.0,0.8737,0.0,0.0,0.0,0.0,0.0,0.8799,0.0,0.7885,0.0,0.7502,0.0,0.6461,0.0,0.3033,0.0,0.5711,0.0,0.007799999999999999,0.0,0.24,0.0
32,3,16,2,5,1.0,0.0,1.0,0.0,0.007633333333333333,0.00040414518843273834,0.7071999999999999,0.003899999999999978,1.0,0.0,0.9987,0.0012999999999999956,0.8803000000000001,0.0036592348927063445,0.7483333333333334,0.002444040370643139,0.0397,0.0,0.0,0.0,1.0,0.0,1.0,0.0,1.0,0.0,1.0,0.0,0.9219,0.0,0.7841999999999999,0.0,0.0,0.0,0.0,0.0,1.0,0.0,1.0,0.0,1.0,0.0,1.0,0.0,0.8861,0.0,0.7575,0.0,0.013199999999999998,0.0,0.0,0.0
32,3,16,4,5,0.9988,0.00017320508075686865,0.9748000000000001,0.0053674947601278465,0.07713333333333333,0.006161439225808633,0.7765666666666666,0.007973915809270489,0.9774666666666666,0.001305118130030098,0.9167000000000001,0.004978955713801875,0.7574,0.005311308689955858,0.6541333333333333,0.004406056437828872,0.0397,0.0,0.06333333333333334,0.005773502691896261,1.0,0.0,1.0,0.0,1.0,0.0,1.0,0.0,0.9219,0.0,0.7841999999999999,0.0,0.0,0.0,0.0,0.0,1.0,0.0,1.0,0.0,0.9994,0.0,0.9941,0.0,0.8728000000000001,0.0,0.7324,0.0,0.013199999999999998,0.0,0.0,0.0
32,3,16,6,5,0.9436666666666667,0.0076559345173096835,0.9019333333333334,0.004724757489367358,0.24856666666666669,0.007106569730420808,0.7966000000000001,0.007102112361825876,0.8067333333333333,0.016074928719385765,0.7710333333333333,0.0014011899704655345,0.4990666666666666,0.002510644007686781,0.5452666666666667,0.0021733231083604387,0.0397,0.0,0.18666666666666668,0.015275252316519473,1.0,0.0,1.0,0.0,1.0,0.0,1.0,0.0,0.9219,0.0,0.7841999999999999,0.0,0.0,0.0,0.0,0.0,0.9994,0.0,0.9960999999999999,0.0,0.9968,0.0,0.9657,0.0,0.8537,0.0,0.7005,0.0,0.013199999999999998,0.0,0.02,0.0
32,3,16,8,5,0.7620666666666667,0.008615296473908107,0.7835666666666666,0.007479527614317235,0.397,0.012437443467208221,0.7437666666666667,0.011502318606843323,0.5283000000000001,0.006062177826491052,0.5238333333333333,0.007995206897468863,0.2985333333333333,0.007008803987367141,0.4222666666666666,0.003925981830489475,0.0397,0.0,0.4066666666666667,0.02081665999466133,1.0,0.0,1.0,0.0,1.0,0.0,1.0,0.0,0.9219,0.0,0.7841999999999999,0.0,0.0,0.0,0.0,0.0,0.9989,0.0,0.9809,0.0,0.9874,0.0,0.9288,0.0,0.7972,0.0,0.6686,0.0,0.013199999999999998,0.0,0.04,0.0
32,3,16,10,5,0.5282,0.014215836239912176,0.5124333333333334,0.011772142257606817,0.3876,0.0018681541692269338,0.5025000000000001,0.01143328474236517,0.2805666666666667,0.014784564022430054,0.21930000000000002,0.003810511776651529,0.10266666666666667,0.005589573627150218,0.31070000000000003,0.0026514147167125772,0.0397,0.0,0.7133333333333333,0.0057735026918962545,1.0,0.0,1.0,0.0,1.0,0.0,1.0,0.0,0.9219,0.0,0.7841999999999999,0.0,0.0,0.0,0.0,0.0,0.9969,0.0,0.9609,0.0,0.9527,0.0,0.8893,0.0,0.7052999999999999,0.0,0.6306,0.0,0.013199999999999998,0.0,0.08,0.0
32,3,16,12,5,0.3197666666666667,0.008429313930168528,0.2083,0.013596690773861105,0.289,0.010834666584625483,0.20806666666666665,0.013973307888017534,0.15330000000000002,0.005424942396007532,0.04723333333333333,0.006125629219380923,0.017333333333333336,0.0013428824718989102,0.19833333333333333,0.0062067167917775334,0.0397,0.0,1.1333333333333333,0.025166114784235753,1.0,0.0,1.0,0.0,1.0,0.0,1.0,0.0,0.9219,0.0,0.7841999999999999,0.0,0.0,0.0,0.0,0.0,0.9754,0.0,0.9308,0.0,0.8915000000000001,0.0,0.8418,0.0,0.5877,0.0,0.5982,0.0,0.013199999999999998,0.0,0.11,0.0
32,3,16,14,5,0.2028,0.007422263805605405,0.017033333333333334,0.011061796116966421,0.19773333333333332,0.010299676370320253,0.017033333333333334,0.011061796116966421,0.09063333333333334,0.0018876793513023717,0.008133333333333334,0.0009712534856222304,0.0043,0.0006557438524301999,0.08906666666666667,0.0020305992547357365,0.0397,0.0,0.8266666666666667,0.05507570547286105,1.0,0.0,1.0,0.0,1.0,0.0,1.0,0.0,0.9219,0.0,0.7841999999999999,0.0,0.0,0.0,0.0,0.0,0.9288,0.0,0.9017,0.0,0.805,0.0,0.7738999999999999,0.0,0.4879,0.0,0.5497,0.0,0.013199999999999998,0.0,0.15,0.0
32,3,16,16,5,0.1287,0.005144900387762631,0.005966666666666666,0.00011547005383792552,0.12823333333333334,0.0045938364504337055,0.005966666666666666,0.00011547005383792552,0.04900000000000001,0.0073654599313281175,0.0044,0.001014889156509222,0.0022333333333333333,0.00023094010767585042,0.05173333333333333,0.0012503332889007336,0.0397,0.0,1.12,0.16822603841260736,1.0,0.0,1.0,0.0,1.0,0.0,1.0,0.0,0.9219,0.0,0.7841999999999999,0.0,0.0,0.0,0.0,0.0,0.8355,0.0,0.8382999999999999,0.0,0.6404,0.0,0.5946,0.0,0.3529,0.0,0.4495,0.0,0.013199999999999998,0.0,0.34,0.0
32,4,4,2,5,0.9894333333333334,0.0008504900548114723,0.9532333333333334,0.0047353282181210096,0.19499999999999998,0.003306055050963317,0.6938666666666666,0.005230997355508161,0.9627666666666667,0.0017097758137642914,0.8777,0.008485870609430702,0.6219666666666667,0.0022941955743426565,0.8423666666666666,0.0010263202878893981,0.0169,0.0,0.11666666666666665,0.011547005383792512,0.9986,0.0,0.9946,0.0,0.9947,0.0,0.9703,0.0,0.7398000000000001,0.0,0.9148,0.0,0.0,0.0,0.03,0.0,0.9934,0.0,0.9648,0.0,0.9776000000000001,0.0,0.9034,0.0,0.6509,0.0,0.8609,0.0,0.0042,0.0,0.09000000000000001,0.0
32,4,4,4,5,0.6631666666666667,0.007899578047803175,0.6325333333333333,0.003521836642056794,0.41933333333333334,0.01040256378655442,0.48163333333333336,0.00315330514434198,0.4469,0.003736308338453862,0.42923333333333336,0.004508140784551144,0.18573333333333333,0.0017039170558842789,0.43439999999999995,0.0023000000000000104,0.0169,0.0,0.6333333333333333,0.011547005383792509,0.9986,0.0,0.9946,0.0,0.9947,0.0,0.9703,0.0,0.7398000000000001,0.0,0.9148,0.0,0.0,0.0,0.03,0.0,0.8946999999999999,0.0,0.8097,0.0,0.7840000000000001,0.0,0.6948,0.0,0.38630000000000003,0.0,0.6778,0.0,0.0042,0.0,0.25,0.0
32,4,8,2,5,0.9997000000000001,0.0,0.9968333333333333,0.0006429100507328993,0.0202,0.0015524174696260025,0.5715333333333333,0.002818391976523712,0.9944666666666667,0.0006658328118479813,0.9735,0.0014933184523068005,0.6969,0.0007000000000000299,0.8375,0.0018520259177452314,0.0311,0.0,0.03,0.0,1.0,0.0,1.0,0.0,0.9987,0.0,0.9964,0.0,0.7726000000000001,0.0,0.8737,0.0,0.0,0.0,0.0,0.0,1.0,0.0,0.9988,0.0,0.9974,0.0,0.9818000000000001,0.0,0.7097000000000001,0.0,0.8473,0.0,0.007799999999999999,0.0,0.02,0.0
32,4,8,4,5,0.9659666666666666,0.00577090403085457,0.8708666666666667,0.008652359986346697,0.27266666666666667,0.005459242926755779,0.5510666666666667,0.006357934675138793,0.9007333333333333,0.0035444792753426134,0.7879666666666667,0.0014364307617609946,0.45566666666666666,0.0024501700621249478,0.6864666666666667,0.002779088579612647,0.0311,0.0,0.1366666666666667,0.011547005383792521,1.0,0.0,1.0,0.0,0.9987,0.0,0.9964,0.0,0.7726000000000001,0.0,0.8737,0.0,0.0,0.0,0.0,0.0,0.9946,0.0,0.9726,0.0,0.9817,0.0,0.9209,0.0,0.637,0.0,0.7908,0.0,0.007799999999999999,0.0,0.06,0.0
32,4,8,6,5,0.7772666666666668,0.0057274194305405954,0.7074333333333334,0.005372460640463854,0.3214333333333333,0.005412331598611954,0.48769999999999997,0.007794870107962016,0.6059666666666667,0.006666583332812483,0.49006666666666665,0.005014312847572769,0.2096,0.002179449471770339,0.4555666666666667,0.004168133075290815,0.0311,0.0,0.4066666666666667,0.005773502691896211,1.0,0.0,1.0,0.0,0.9987,0.0,0.9964,0.0,0.7726000000000001,0.0,0.8737,0.0,0.0,0.0,0.0,0.0,0.9716999999999999,0.0,0.8934000000000001,0.0,0.9266,0.0,0.8104999999999999,0.0,0.4896,0.0,0.7216,0.0,0.007799999999999999,0.0,0.12,0.0
32,4,8,8,5,0.39366666666666666,0.011000151514108046,0.37906666666666666,0.00940549484787127,0.12243333333333334,0.01841095688261024,0.23706666666666665,0.014700453507743674,0.31196666666666667,0.003980368492154097,0.1984,0.00461844129550219,0.07896666666666667,0.001550268793897802,0.10636666666666666,0.009456391136862592,0.0311,0.0,0.54,0.017320508075688787,1.0,0.0,1.0,0.0,0.9987,0.0,0.9964,0.0,0.7726000000000001,0.0,0.8737,0.0,0.0,0.0,0.0,0.0,0.8799,0.0,0.7885,0.0,0.7502,0.0,0.6461,0.0,0.3033,0.0,0.5711,0.0,0.007799999999999999,0.0,0.24,0.0
32,4,16,2,5,1.0,0.0,1.0,0.0,0.006599999999999999,0.000519615242270663,0.7081666666666667,0.006755985000970106,1.0,0.0,0.9995666666666666,0.0007505553499464949,0.8833666666666667,0.003348631561299845,0.7514,0.00040000000000006697,0.0529,0.0,0.0,0.0,1.0,0.0,1.0,0.0,1.0,0.0,1.0,0.0,0.9219,0.0,0.7841999999999999,0.0,0.0,0.0,0.0,0.0,1.0,0.0,1.0,0.0,1.0,0.0,1.0,0.0,0.8861,0.0,0.7575,0.0,0.013199999999999998,0.0,0.0,0.0
32,4,16,4,5,0.9991,0.0,0.9888333333333333,0.0008504900548115566,0.04463333333333333,0.0010408329997330682,0.7821666666666666,0.011923226632641575,0.988,0.002500000000000016,0.9424333333333333,0.0036253735439722,0.8103333333333333,0.002874601421646695,0.6779666666666667,0.004652239604032984,0.0529,0.0,0.04,0.0,1.0,0.0,1.0,0.0,1.0,0.0,1.0,0.0,0.9219,0.0,0.7841999999999999,0.0,0.0,0.0,0.0,0.0,1.0,0.0,1.0,0.0,0.9994,0.0,0.9941,0.0,0.8728000000000001,0.0,0.7324,0.0,0.013199999999999998,0.0,0.0,0.0
32,4,16,6,5,0.9794999999999999,0.0036496575181789587,0.9317000000000001,0.0036715119501371674,0.1812666666666667,0.002510644007686751,0.7892,0.003939543120718408,0.8908666666666667,0.003955165398985645,0.8273,0.00799812478022191,0.5892,0.009043782394551527,0.5809666666666667,0.002653927906581714,0.0529,0.0,0.1366666666666667,0.011547005383792521,1.0,0.0,1.0,0.0,1.0,0.0,1.0,0.0,0.9219,0.0,0.7841999999999999,0.0,0.0,0.0,0.0,0.0,0.9994,0.0,0.9960999999999999,0.0,0.9968,0.0,0.9657,0.0,0.8537,0.0,0.7005,0.0,0.013199999999999998,0.0,0.02,0.0
32,4,16,8,5,0.8687,0.0075019997334044505,0.8504,0.006413267497929623,0.34383333333333327,0.017292869436080684,0.7793333333333333,0.009462733924893645,0.6746333333333334,0.00788056681548565,0.6712666666666666,0.007216878364870297,0.3963666666666667,0.008979049689879927,0.4921666666666667,0.0033545988334424083,0.0529,0.0,0.26666666666666666,0.015275252316519486,1.0,0.0,1.0,0.0,1.0,0.0,1.0,0.0,0.9219,0.0,0.7841999999999999,0.0,0.0,0.0,0.0,0.0,0.9989,0.0,0.9809,0.0,0.9874,0.0,0.9288,0.0,0.7972,0.0,0.6686,0.0,0.013199999999999998,0.0,0.04,0.0
32,4,16,10,5,0.6724,0.012189749792346024,0.7111999999999999,0.01040961094373842,0.38586666666666664,0.016332278877527577,0.6873,0.011265433857601695,0.4317666666666667,0.010773269389249164,0.4034333333333333,0.01385003008420318,0.22943333333333335,0.006149254697386775,0.3812,0.001442220510185585,0.0529,0.0,0.5266666666666667,0.03785938897200181,1.0,0.0,1.0,0.0,1.0,0.0,1.0,0.0,0.9219,0.0,0.7841999999999999,0.0,0.0,0.0,0.0,0.0,0.9969,0.0,0.9609,0.0,0.9527,0.0,0.8893,0.0,0.7052999999999999,0.0,0.6306,0.0,0.013199999999999998,0.0,0.08,0.0
32,4,16,12,5,0.4482,0.016791962362987814,0.42683333333333334,0.015357842730453163,0.33076666666666665,0.018318660795301967,0.4213,0.01541525218736301,0.2387,0.007692203845452877,0.14986666666666668,0.005352880844305556,0.07023333333333333,0.003931072796748157,0.2935666666666667,0.002400694344004102,0.0529,0.0,0.8466666666666667,0.09291573243177571,1.0,0.0,1.0,0.0,1.0,0.0,1.0,0.0,0.9219,0.0,0.7841999999999999,0.0,0.0,0.0,0.0,0.0,0.9754,0.0,0.9308,0.0,0.8915000000000001,0.0,0.8418,0.0,0.5877,0.0,0.5982,0.0,0.013199999999999998,0.0,0.11,0.0
32,4,16,14,5,0.285,0.0053113086899557885,0.10010000000000001,0.0223268896176785,0.25103333333333333,0.003821430796617073,0.09873333333333334,0.020624580803820798,0.14446666666666666,0.007625177593560253,0.022633333333333335,0.0032807519463277507,0.0133,0.001058300524425836,0.16046666666666667,0.006200268811376916,0.0529,0.0,0.96,0.06000000000000004,1.0,0.0,1.0,0.0,1.0,0.0,1.0,0.0,0.9219,0.0,0.7841999999999999,0.0,0.0,0.0,0.0,0.0,0.9288,0.0,0.9017,0.0,0.805,0.0,0.7738999999999999,0.0,0.4879,0.0,0.5497,0.0,0.013199999999999998,0.0,0.15,0.0
32,4,16,16,5,0.209,0.009960421677820672,0.010833333333333334,0.005021288015373479,0.20356666666666667,0.011138372113254838,0.010833333333333334,0.005021288015373479,0.0961,0.003862641583165592,0.005933333333333333,0.0006506407098647715,0.0047,0.0010535653752852736,0.08689999999999999,0.004948737212663437,0.0529,0.0,0.7433333333333333,0.07094598884597578,1.0,0.0,1.0,0.0,1.0,0.0,1.0,0.0,0.9219,0.0,0.7841999999999999,0.0,0.0,0.0,0.0,0.0,0.8355,0.0,0.8382999999999999,0.0,0.6404,0.0,0.5946,0.0,0.3529,0.0,0.4495,0.0,0.013199999999999998,0.0,0.34,0.0
64,2,4,2,5,0.9347666666666666,0.002500666577801491,0.876,0.007076722405181607,0.4308666666666667,0.0073145972775904315,0.7375666666666666,0.004544593857907817,0.8361000000000001,0.007950471684120398,0.7787666666666667,0.009358596760911001,0.45143333333333335,0.00505799696849786,0.7736999999999999,0.008801704380402658,0.0044,0.0,0.22,0.0,0.9986,0.0,0.9946,0.0,0.9937,0.0,0.9700000000000001,0.0,0.7229,0.0,0.9469,0.0,0.0,0.0,0.03,0.0,0.9899999999999999,0.0,0.9648,0.0,0.9685,0.0,0.9041,0.0,0.6253,0.0,0.8930000000000001,0.0,0.0022,0.0,0.09000000000000001,0.0
64,2,4,4,5,0.1294,0.007302054505411474,0.12603333333333333,0.007484205591332549,0.030799999999999998,0.006060528029800701,0.06603333333333333,0.009327557736799767,0.10103333333333335,0.0021385353243127308,0.0755,0.0010148891565092241,0.038533333333333336,0.00025166114784235877,0.03783333333333333,0.0008144527815247053,0.0044,0.0,0.84,0.06082762530298217,0.9986,0.0,0.9946,0.0,0.9937,0.0,0.9700000000000001,0.0,0.7229,0.0,0.9469,0.0,0.0,0.0,0.03,0.0,0.8721,0.0,0.8149000000000001,0.0,0.7422999999999998,0.0,0.7043,0.0,0.35379999999999995,0.0,0.7132999999999999,0.0,0.0022,0.0,0.27,0.0
64,2,8,2,5,0.9914333333333333,0.001026320287889371,0.9692666666666666,0.0017925772879665372,0.15626666666666666,0.002914332399252577,0.6724,0.0035156791662493683,0.9621333333333334,0.003089228598426027,0.9039,0.0027784887978899247,0.5780333333333333,0.0040501028793517475,0.8508,0.0013527749258468035,0.0084,0.0,0.09666666666666668,0.005773502691896264,1.0,0.0,1.0,0.0,0.9996,0.0,0.9963000000000001,0.0,0.7392,0.0,0.9358999999999998,0.0,0.0,0.0,0.0,0.0,1.0,0.0,0.9968,0.0,0.997,0.0,0.9779,0.0,0.6656,0.0,0.9155000000000001,0.0,0.0042,0.0,0.03,0.0
64,2,8,4,5,0.6195666666666667,0.02253582333382413,0.6188333333333333,0.007769384359994909,0.39033333333333337,0.028158361694767205,0.4546333333333333,0.0064291005073286375,0.3866666666666667,0.009562600761996333,0.36719999999999997,0.0025238858928247837,0.12813333333333332,0.001858314648635521,0.4324333333333334,0.003873413653785658,0.0084,0.0,0.7000000000000001,0.039999999999999966,1.0,0.0,1.0,0.0,0.9996,0.0,0.9963000000000001,0.0,0.7392,0.0,0.9358999999999998,0.0,0.0,0.0,0.0,0.0,0.9914,0.0,0.9674999999999999,0.0,0.967,0.0,0.9053,0.0,0.5859,0.0,0.8558,0.0,0.0042,0.0,0.09000000000000001,0.0
64,2,8,6,5,0.1736,0.004782258880487351,0.20350000000000001,0.008767553820764369,0.03643333333333334,0.004554484969053398,0.0969,0.010343597053249904,0.1559,0.000519615242270668,0.1042,0.001374772708486755,0.050300000000000004,0.0006557438524301969,0.02,0.0015588457268119896,0.0084,0.0,0.4666666666666666,0.08962886439832503,1.0,0.0,1.0,0.0,0.9996,0.0,0.9963000000000001,0.0,0.7392,0.0,0.9358999999999998,0.0,0.0,0.0,0.0,0.0,0.9482,0.0,0.8710999999999999,0.0,0.8846000000000002,0.0,0.7848,0.0,0.4357,0.0,0.7752,0.0,0.0042,0.0,0.14,0.0
64,2,8,8,5,0.12290000000000001,0.003380828300875396,0.1282,0.0027874719729532637,0.04356666666666667,0.0028676354952004153,0.06376666666666667,0.008972364979944436,0.0927,0.005990826320300054,0.061,0.005556077753235642,0.03406666666666667,0.0012503332889007349,0.002766666666666667,0.00011547005383792489,0.0084,0.0,0.7000000000000001,0.04358898943540672,1.0,0.0,1.0,0.0,0.9996,0.0,0.9963000000000001,0.0,0.7392,0.0,0.9358999999999998,0.0,0.0,0.0,0.0,0.0,0.8241,0.0,0.7645,0.0,0.6655,0.0,0.6115,0.0,0.2601,0.0,0.6266,0.0,0.0042,0.0,0.26,0.0
64,2,16,2,5,0.9998,0.0003464101615138174,0.9996666666666667,0.0005773502691896344,0.014233333333333334,0.0010016652800877816,0.5083666666666667,0.008695017730478354,0.9962333333333334,0.0010969655114603043,0.9844666666666667,0.004080849584747446,0.6328999999999999,0.00210000000000004,0.8380333333333333,0.0021779194965226133,0.0155,0.0,0.016666666666666666,0.005773502691896258,1.0,0.0,1.0,0.0,1.0,0.0,1.0,0.0,0.7769,0.0,0.878,0.0,0.0,0.0,0.0,0.0,1.0,0.0,1.0,0.0,1.0,0.0,1.0,0.0,0.6766,0.0,0.8571,0.0,0.007700000000000001,0.0,0.0,0.0
64,2,16,4,5,0.9395333333333333,0.006518691075157122,0.8281666666666667,0.00305995642670504,0.3129,0.011217397202559935,0.5077999999999999,0.012000416659433119,0.8106333333333334,0.0028867513459481155,0.7256666666666667,0.006353214409520071,0.3085333333333333,0.006672580710140061,0.6472666666666667,0.004209908945967022,0.0155,0.0,0.14,0.009999999999999992,1.0,0.0,1.0,0.0,1.0,0.0,1.0,0.0,0.7769,0.0,0.878,0.0,0.0,0.0,0.0,0.0,1.0,0.0,1.0,0.0,0.9969,0.0,0.9933,0.0,0.632,0.0,0.8428999999999999,0.0,0.007700000000000001,0.0,0.01,0.0
64,2,16,6,5,0.6559,0.03548929416035215,0.6119666666666667,0.008308028245819391,0.3071,0.03358630673354843,0.44916666666666666,0.007145161533046904,0.43113333333333337,0.013035464446399005,0.3156,0.00669552089086427,0.08800000000000001,0.0039949968710876384,0.4062666666666666,0.00424538965624278,0.0155,0.0,0.5633333333333334,0.03785938897200181,1.0,0.0,1.0,0.0,1.0,0.0,1.0,0.0,0.7769,0.0,0.878,0.0,0.0,0.0,0.0,0.0,0.9969,0.0,0.9954,0.0,0.9894,0.0,0.9594,0.0,0.6044,0.0,0.8131,0.0,0.007700000000000001,0.0,0.04,0.0
64,2,16,8,5,0.3285666666666667,0.01320050504084347,0.3358666666666667,0.01443929822856133,0.12426666666666665,0.015251338739052813,0.24266666666666667,0.018612182390395113,0.2054666666666667,0.0031722757341273544,0.1375333333333333,0.0014011899704655865,0.028866666666666665,0.0026274195198584746,0.08743333333333332,0.0074096783555923215,0.0155,0.0,0.6066666666666667,0.0450924975282289,1.0,0.0,1.0,0.0,1.0,0.0,1.0,0.0,0.7769,0.0,0.878,0.0,0.0,0.0,0.0,0.0,0.9954,0.0,0.967,0.0,0.9775,0.0,0.9034999999999999,0.0,0.5466,0.0,0.7691,0.0,0.007700000000000001,0.0,0.08,0.0
64,2,16,10,5,0.2243666666666667,0.008467191584777857,0.19113333333333335,0.01181199954848178,0.08750000000000001,0.011917633993373016,0.13713333333333333,0.014430985182354436,0.13996666666666668,0.004418521623046945,0.06543333333333333,0.004895235779136006,0.017633333333333334,0.0005507570547286103,0.0032999999999999995,0.0008185352771872448,0.0155,0.0,0.6833333333333332,0.07571877794400365,1.0,0.0,1.0,0.0,1.0,0.0,1.0,0.0,0.7769,0.0,0.878,0.0,0.0,0.0,0.0,0.0,0.9946,0.0,0.9117000000000001,0.0,0.9499,0.0,0.8476,0.0,0.4843,0.0,0.7356000000000001,0.0,0.007700000000000001,0.0,0.10000000000000002,0.0
64,2,16,12,5,0.16923333333333335,0.008055639846302295,0.11886666666666666,0.009731563766082675,0.09496666666666666,0.009904712683027877,0.09993333333333332,0.019079919636448513,0.08216666666666667,0.0052367292591209424,0.0337,0.0010148891565092228,0.010466666666666666,0.0005507570547286093,0.0003333333333333333,0.0005773502691896258,0.0155,0.0,0.93,0.009999999999999967,1.0,0.0,1.0,0.0,1.0,0.0,1.0,0.0,0.7769,0.0,0.878,0.0,0.0,0.0,0.0,0.0,0.9737,0.0,0.8714,0.0,0.8930000000000001,0.0,0.7991,0.0,0.3818,0.0,0.701,0.0,0.007700000000000001,0.0,0.11,0.0
64,2,16,14,5,0.10706666666666666,0.006161439225808635,0.07273333333333333,0.006493329911018943,0.07843333333333334,0.01237147256123269,0.07223333333333333,0.007352777253074737,0.03523333333333333,0.0019857828011475313,0.015966666666666667,0.0006506407098647721,0.005333333333333333,0.0008621678104251708,0.0,0.0,0.0155,0.0,1.41,0.036055512754639876,1.0,0.0,1.0,0.0,1.0,0.0,1.0,0.0,0.7769,0.0,0.878,0.0,0.0,0.0,0.0,0.0,0.9276,0.0,0.8266,0.0,0.8098,0.0,0.7325,0.0,0.2975,0.0,0.6497,0.0,0.007700000000000001,0.0,0.13,0.0
64,2,16,16,5,0.05206666666666667,0.013061903893894384,0.022266666666666667,0.0080556398463023,0.04993333333333333,0.013012814197295422,0.022266666666666667,0.0080556398463023,0.010866666666666665,0.0031722757341273683,0.0031,0.0017088007490635064,0.0013,0.0003464101615137754,0.0,0.0,0.0155,0.0,1.8533333333333335,0.20816659994661318,1.0,0.0,1.0,0.0,1.0,0.0,1.0,0.0,0.7769,0.0,0.878,0.0,0.0,0.0,0.0,0.0,0.8341,0.0,0.7738,0.0,0.6471,0.0,0.5788,0.0,0.18790000000000004,0.0,0.545,0.0,0.007700000000000001,0.0,0.28,0.0
64,3,4,2,5,0.9606333333333333,0.0030859898466024096,0.9044666666666666,0.003690979996333448,0.3497333333333333,0.005437217425607782,0.7562666666666668,0.0038695391629149983,0.8940333333333333,0.0062428625912583574,0.8218333333333333,0.008600775158864043,0.5163333333333333,0.001721433511156796,0.8226,0.00216333076527839,0.006599999999999999,0.0,0.17,0.0,0.9986,0.0,0.9946,0.0,0.9937,0.0,0.9700000000000001,0.0,0.7229,0.0,0.9469,0.0,0.0,0.0,0.03,0.0,0.9899999999999999,0.0,0.9648,0.0,0.9685,0.0,0.9041,0.0,0.6253,0.0,0.8930000000000001,0.0,0.0022,0.0,0.09000000000000001,0.0
64,3,4,4,5,0.19153333333333333,0.01775284014836312,0.2437,0.0031480152477394384,0.09096666666666668,0.0183058278516251,0.18186666666666665,0.001258305739211789,0.11950000000000001,0.006000833275471003,0.11693333333333333,0.0009814954576223619,0.04506666666666667,0.0008504900548115374,0.10383333333333333,0.0021385353243127325,0.006599999999999999,0.0,1.2266666666666666,0.08504900548115385,0.9986,0.0,0.9946,0.0,0.9937,0.0,0.9700000000000001,0.0,0.7229,0.0,0.9469,0.0,0.0,0.0,0.03,0.0,0.8721,0.0,0.8149000000000001,0.0,0.7422999999999998,0.0,0.7043,0.0,0.35379999999999995,0.0,0.7132999999999999,0.0,0.0022,0.0,0.27,0.0
64,3,8,2,5,0.9968666666666666,0.0014502873278538283,0.9827333333333333,0.0002886751345947811,0.09200000000000001,0.00017320508075688567,0.6743333333333333,0.0020207259421636597,0.9783,0.005957348403442611,0.9304333333333333,0.006730032194078503,0.6177666666666667,0.001755942292142151,0.8753666666666667,0.0025658007197234523,0.012699999999999998,0.0,0.07333333333333333,0.011547005383792518,1.0,0.0,1.0,0.0,0.9996,0.0,0.9963000000000001,0.0,0.7392,0.0,0.9358999999999998,0.0,0.0,0.0,0.0,0.0,1.0,0.0,0.9968,0.0,0.997,0.0,0.9779,0.0,0.6656,0.0,0.9155000000000001,0.0,0.0042,0.0,0.03,0.0
64,3,8,4,5,0.7875666666666667,0.004061198509471437,0.7311333333333333,0.0016010413278029773,0.4758,0.011992914574864602,0.5337333333333333,0.00573265499863139,0.5942,0.01081711606667882,0.5414333333333333,0.003066485501895146,0.21083333333333334,0.0016623276853055568,0.5678333333333333,0.00358375966456089,0.012699999999999998,0.0,0.36999999999999994,0.036055512754639876,1.0,0.0,1.0,0.0,0.9996,0.0,0.9963000000000001,0.0,0.7392,0.0,0.9358999999999998,0.0,0.0,0.0,0.0,0.0,0.9914,0.0,0.9674999999999999,0.0,0.967,0.0,0.9053,0.0,0.5859,0.0,0.8558,0.0,0.0042,0.0,0.09000000000000001,0.0
64,3,8,6,5,0.22529999999999997,0.0021931712199461436,0.30043333333333333,0.005658032638058313,0.061700000000000005,0.0021166010488516706,0.17193333333333335,0.008032641740631367,0.17946666666666666,0.00046188021535168984,0.14143333333333333,0.0009451631252505174,0.056133333333333334,0.0007637626158259747,0.11373333333333334,0.0036115555282084963,0.012699999999999998,0.0,0.7333333333333334,0.03785938897200184,1.0,0.0,1.0,0.0,0.9996,0.0,0.9963000000000001,0.0,0.7392,0.0,0.9358999999999998,0.0,0.0,0.0,0.0,0.0,0.9482,0.0,0.8710999999999999,0.0,0.8846000000000002,0.0,0.7848,0.0,0.4357,0.0,0.7752,0.0,0.0042,0.0,0.14,0.0
64,3,8,8,5,0.16463333333333333,0.0006350852961086085,0.17036666666666667,0.0030369941279714866,0.05129999999999999,0.0049030602688525035,0.07453333333333333,0.005346338310781813,0.14433333333333334,0.0016289055630494104,0.08950000000000001,0.0005196152422706641,0.0477,0.0013228756555322965,0.0036000000000000003,0.0006557438524302004,0.012699999999999998,0.0,0.4266666666666667,0.040414518843273815,1.0,0.0,1.0,0.0,0.9996,0.0,0.9963000000000001,0.0,0.7392,0.0,0.9358999999999998,0.0,0.0,0.0,0.0,0.0,0.8241,0.0,0.7645,0.0,0.6655,0.0,0.6115,0.0,0.2601,0.0,0.6266,0.0,0.0042,0.0,0.26,0.0
64,3,16,2,5,0.9998999999999999,0.00017320508075686865,1.0,0.0,0.008366666666666666,0.0011930353445448857,0.5042666666666666,0.002059935274064044,0.9975,0.0,0.9957666666666666,0.0013613718571107891,0.647,0.0015588457268120423,0.8454,0.003555277766926195,0.0232,0.0,0.0033333333333333335,0.005773502691896258,1.0,0.0,1.0,0.0,1.0,0.0,1.0,0.0,0.7769,0.0,0.878,0.0,0.0,0.0,0.0,0.0,1.0,0.0,1.0,0.0,1.0,0.0,1.0,0.0,0.6766,0.0,0.8571,0.0,0.007700000000000001,0.0,0.0,0.0
64,3,16,4,5,0.9788333333333333,0.0017672954855748537,0.8745333333333333,0.010672550460566248,0.24923333333333333,0.010428966072115369,0.5035333333333334,0.013384443706532393,0.8969666666666667,0.004200396806652142,0.8055,0.004453088815642451,0.4104666666666667,0.01217141459869532,0.7016,0.00447101778122163,0.0232,0.0,0.10333333333333333,0.005773502691896256,1.0,0.0,1.0,0.0,1.0,0.0,1.0,0.0,0.7769,0.0,0.878,0.0,0.0,0.0,0.0,0.0,1.0,0.0,1.0,0.0,0.9969,0.0,0.9933,0.0,0.632,0.0,0.8428999999999999,0.0,0.007700000000000001,0.0,0.01,0.0
64,3,16,6,5,0.8015666666666666,0.00738195999266678,0.7478666666666666,0.0021361959960016523,0.3126333333333333,0.0039374272480051315,0.5332666666666667,0.013863741678685922,0.6020333333333333,0.008467782078757929,0.5296,0.002426932219902287,0.16823333333333332,0.00672111101926856,0.5246333333333334,0.002294195574342618,0.0232,0.0,0.31,0.010000000000000009,1.0,0.0,1.0,0.0,1.0,0.0,1.0,0.0,0.7769,0.0,0.878,0.0,0.0,0.0,0.0,0.0,0.9969,0.0,0.9954,0.0,0.9894,0.0,0.9594,0.0,0.6044,0.0,0.8131,0.0,0.007700000000000001,0.0,0.04,0.0
64,3,16,8,5,0.5114333333333333,0.013415041309415843,0.4993333333333334,0.005422484055608942,0.236,0.011505216208311781,0.36146666666666666,0.00949859638753712,0.3246,0.002523885892824795,0.23066666666666666,0.008316449562964562,0.05953333333333333,0.003362043029667129,0.3354333333333333,0.004990323970779184,0.0232,0.0,0.6033333333333334,0.057735026918962644,1.0,0.0,1.0,0.0,1.0,0.0,1.0,0.0,0.7769,0.0,0.878,0.0,0.0,0.0,0.0,0.0,0.9954,0.0,0.967,0.0,0.9775,0.0,0.9034999999999999,0.0,0.5466,0.0,0.7691,0.0,0.007700000000000001,0.0,0.08,0.0
64,3,16,10,5,0.31043333333333334,0.005016306742348721,0.338,0.013191285001848756,0.10746666666666667,0.0049923274465256485,0.24773333333333333,0.010884086242461217,0.2038,0.00537028863283902,0.12553333333333333,0.0016563010998406453,0.0307,0.004703190406521938,0.0466,0.007725283166331189,0.0232,0.0,0.6466666666666666,0.028867513459481322,1.0,0.0,1.0,0.0,1.0,0.0,1.0,0.0,0.7769,0.0,0.878,0.0,0.0,0.0,0.0,0.0,0.9946,0.0,0.9117000000000001,0.0,0.9499,0.0,0.8476,0.0,0.4843,0.0,0.7356000000000001,0.0,0.007700000000000001,0.0,0.10000000000000002,0.0
64,3,16,12,5,0.2278,0.009367496997597605,0.21456666666666668,0.02523139578646678,0.0733,0.016334931894562647,0.16033333333333333,0.024871335575986534,0.1462,0.0025238858928247907,0.0745,0.006533758489567854,0.02093333333333333,0.0005507570547286077,0.0012,0.00034641016151377546,0.0232,0.0,0.6766666666666666,0.07094598884597587,1.0,0.0,1.0,0.0,1.0,0.0,1.0,0.0,0.7769,0.0,0.878,0.0,0.0,0.0,0.0,0.0,0.9737,0.0,0.8714,0.0,0.8930000000000001,0.0,0.7991,0.0,0.3818,0.0,0.701,0.0,0.007700000000000001,0.0,0.11,0.0
64,3,16,14,5,0.18666666666666668,0.0024006943440041087,0.153,0.018240339909113525,0.0857,0.005632051136131487,0.1304,0.020871272122225802,0.107,0.0006000000000000068,0.0479,0.0033,0.015433333333333334,0.0009237604307034003,0.0005,0.0005,0.0232,0.0,0.7933333333333333,0.11676186592091331,1.0,0.0,1.0,0.0,1.0,0.0,1.0,0.0,0.7769,0.0,0.878,0.0,0.0,0.0,0.0,0.0,0.9276,0.0,0.8266,0.0,0.8098,0.0,0.7325,0.0,0.2975,0.0,0.6497,0.0,0.007700000000000001,0.0,0.13,0.0
64,3,16,16,5,0.1514,0.003629049462324818,0.1094,0.007139327699440613,0.10270000000000001,0.0014933184523068066,0.10443333333333334,0.0037447741364911883,0.06696666666666666,0.0021361959960016176,0.0295,0.0015588457268119905,0.009366666666666667,0.0009237604307034017,0.00016666666666666666,0.0002886751345948129,0.0232,0.0,1.1,0.0,1.0,0.0,1.0,0.0,1.0,0.0,1.0,0.0,0.7769,0.0,0.878,0.0,0.0,0.0,0.0,0.0,0.8341,0.0,0.7738,0.0,0.6471,0.0,0.5788,0.0,0.18790000000000004,0.0,0.545,0.0,0.007700000000000001,0.0,0.28,0.0
64,4,4,2,5,0.9715666666666666,0.0026727015047201767,0.9294000000000001,0.003983716857408444,0.28726666666666667,0.011082568895943463,0.7733666666666666,0.0033827996294982362,0.9231000000000001,0.0025709920264365303,0.8487666666666667,0.0027024680078279024,0.5560333333333333,0.002902297940138729,0.8468333333333334,0.0024006943440041196,0.0088,0.0,0.15333333333333332,0.005773502691896261,0.9986,0.0,0.9946,0.0,0.9937,0.0,0.9700000000000001,0.0,0.7229,0.0,0.9469,0.0,0.0,0.0,0.03,0.0,0.9899999999999999,0.0,0.9648,0.0,0.9685,0.0,0.9041,0.0,0.6253,0.0,0.8930000000000001,0.0,0.0022,0.0,0.09000000000000001,0.0
64,4,4,4,5,0.3131,0.015242047106606104,0.39503333333333335,0.013199368671771114,0.20283333333333334,0.01835056765697818,0.3303,0.012410882321575696,0.17193333333333335,0.006078102774166739,0.18400000000000002,0.0,0.062266666666666665,0.000986576572463247,0.21466666666666667,0.007585732221304241,0.0088,0.0,1.2466666666666668,0.02516611478423594,0.9986,0.0,0.9946,0.0,0.9937,0.0,0.9700000000000001,0.0,0.7229,0.0,0.9469,0.0,0.0,0.0,0.03,0.0,0.8721,0.0,0.8149000000000001,0.0,0.7422999999999998,0.0,0.7043,0.0,0.35379999999999995,0.0,0.7132999999999999,0.0,0.0022,0.0,0.27,0.0
64,4,8,2,5,0.9973333333333333,0.0008736894948053952,0.9892333333333333,0.0007505553499465134,0.06380000000000001,0.001216552506059648,0.6751333333333333,0.002600640946638567,0.9859666666666667,0.0020033305601755637,0.9494333333333334,0.002532455988429692,0.6321666666666667,0.0024986663109213794,0.8916666666666666,0.002145538005567248,0.0169,0.0,0.05000000000000001,0.0,1.0,0.0,1.0,0.0,0.9996,0.0,0.9963000000000001,0.0,0.7392,0.0,0.9358999999999998,0.0,0.0,0.0,0.0,0.0,1.0,0.0,0.9968,0.0,0.997,0.0,0.9779,0.0,0.6656,0.0,0.9155000000000001,0.0,0.0042,0.0,0.03,0.0
64,4,8,4,5,0.8552666666666666,0.010884086242461163,0.7844666666666665,0.009607462377409249,0.4661666666666666,0.0170810811523549,0.5687000000000001,0.006656575696257088,0.6920000000000001,0.010318430113151878,0.6355666666666666,0.010839434179574782,0.28273333333333334,0.005936609582357037,0.6501333333333333,0.0037166292972709877,0.0169,0.0,0.27666666666666667,0.025166114784235843,1.0,0.0,1.0,0.0,0.9996,0.0,0.9963000000000001,0.0,0.7392,0.0,0.9358999999999998,0.0,0.0,0.0,0.0,0.0,0.9914,0.0,0.9674999999999999,0.0,0.967,0.0,0.9053,0.0,0.5859,0.0,0.8558,0.0,0.0042,0.0,0.09000000000000001,0.0
64,4,8,6,5,0.37433333333333335,0.011454402356008486,0.4462333333333333,0.016653027752734126,0.19746666666666668,0.010958710386415603,0.30456666666666665,0.020606875875137733,0.22430000000000003,0.004521061822182934,0.2083,0.007202777242147641,0.0695,0.0009999999999999922,0.26986666666666664,0.0025658007197234428,0.0169,0.0,0.9066666666666667,0.011547005383792509,1.0,0.0,1.0,0.0,0.9996,0.0,0.9963000000000001,0.0,0.7392,0.0,0.9358999999999998,0.0,0.0,0.0,0.0,0.0,0.9482,0.0,0.8710999999999999,0.0,0.8846000000000002,0.0,0.7848,0.0,0.4357,0.0,0.7752,0.0,0.0042,0.0,0.14,0.0
64,4,8,8,5,0.16763333333333333,0.0010263202878893851,0.19116666666666668,0.0030615900008546756,0.02086666666666667,0.004804511768466525,0.0843,0.008296384754819416,0.162,0.0008888194417315608,0.10786666666666667,0.0016041612554021222,0.051166666666666666,0.0005686240703077336,0.007966666666666665,0.0005131601439446886,0.0169,0.0,0.26666666666666666,0.02516611478423583,1.0,0.0,1.0,0.0,0.9996,0.0,0.9963000000000001,0.0,0.7392,0.0,0.9358999999999998,0.0,0.0,0.0,0.0,0.0,0.8241,0.0,0.7645,0.0,0.6655,0.0,0.6115,0.0,0.2601,0.0,0.6266,0.0,0.0042,0.0,0.26,0.0
64,4,16,2,5,1.0,0.0,1.0,0.0,0.0069,0.0,0.4929333333333333,0.004636090306857001,0.9983,0.0003464101615138094,0.9966666666666667,0.0013503086067019852,0.6572666666666667,0.0028867513459481316,0.8515,0.0008185352771872803,0.0309,0.0,0.0,0.0,1.0,0.0,1.0,0.0,1.0,0.0,1.0,0.0,0.7769,0.0,0.878,0.0,0.0,0.0,0.0,0.0,1.0,0.0,1.0,0.0,1.0,0.0,1.0,0.0,0.6766,0.0,0.8571,0.0,0.007700000000000001,0.0,0.0,0.0
64,4,16,4,5,0.9913,0.00045825756949561527,0.9203,0.0044844174649557415,0.18323333333333333,0.017945008591063235,0.5241666666666667,0.011644025649805672,0.9392999999999999,0.005325410782277724,0.8440666666666666,0.009790471558272064,0.4786333333333333,0.008303212229814054,0.7284333333333333,0.0015821925715074595,0.0309,0.0,0.11,0.009999999999999992,1.0,0.0,1.0,0.0,1.0,0.0,1.0,0.0,0.7769,0.0,0.878,0.0,0.0,0.0,0.0,0.0,1.0,0.0,1.0,0.0,0.9969,0.0,0.9933,0.0,0.632,0.0,0.8428999999999999,0.0,0.007700000000000001,0.0,0.01,0.0
64,4,16,6,5,0.8901666666666667,0.007983942217559764,0.7940666666666667,0.000873689494805391,0.3375333333333333,0.007228646715211198,0.5210666666666667,0.014372311342763688,0.7275333333333333,0.011200595222278724,0.6482666666666667,0.003370954365359033,0.24206666666666665,0.008792231419459657,0.5951333333333334,0.0016258331197676048,0.0309,0.0,0.19999999999999998,0.009999999999999998,1.0,0.0,1.0,0.0,1.0,0.0,1.0,0.0,0.7769,0.0,0.878,0.0,0.0,0.0,0.0,0.0,0.9969,0.0,0.9954,0.0,0.9894,0.0,0.9594,0.0,0.6044,0.0,0.8131,0.0,0.007700000000000001,0.0,0.04,0.0
64,4,16,8,5,0.6773666666666666,0.0033842773723992354,0.6262,0.021075815523960127,0.27773333333333333,0.014611753260075709,0.4654,0.02668276597356429,0.46786666666666665,0.007479527614317195,0.3477333333333334,0.007338483040338321,0.10189999999999999,0.0010999999999999985,0.4205666666666667,0.0021197484127446144,0.0309,0.0,0.47333333333333333,0.0057735026918962545,1.0,0.0,1.0,0.0,1.0,0.0,1.0,0.0,0.7769,0.0,0.878,0.0,0.0,0.0,0.0,0.0,0.9954,0.0,0.967,0.0,0.9775,0.0,0.9034999999999999,0.0,0.5466,0.0,0.7691,0.0,0.007700000000000001,0.0,0.08,0.0
64,4,16,10,5,0.3974333333333333,0.02115001970054242,0.4184666666666667,0.004868606919164162,0.15113333333333334,0.022227085578935737,0.29810000000000003,0.010982258419833302,0.27326666666666666,0.008367994582534906,0.18096666666666664,0.0011547005383792546,0.0395,0.00034641016151377134,0.22529999999999997,0.006634003316248798,0.0309,0.0,0.49666666666666665,0.030550504633038954,1.0,0.0,1.0,0.0,1.0,0.0,1.0,0.0,0.7769,0.0,0.878,0.0,0.0,0.0,0.0,0.0,0.9946,0.0,0.9117000000000001,0.0,0.9499,0.0,0.8476,0.0,0.4843,0.0,0.7356000000000001,0.0,0.007700000000000001,0.0,0.10000000000000002,0.0
64,4,16,12,5,0.29109999999999997,0.0038509739027939543,0.30646666666666667,0.01189803905411869,0.09849999999999999,0.0034073450074801645,0.22019999999999998,0.014058449416631978,0.19210000000000002,0.004859012245302531,0.11643333333333333,0.000650640709864769,0.025866666666666666,0.0014364307617610167,0.015366666666666667,0.002615976554431124,0.0309,0.0,0.6066666666666667,0.05859465277082313,1.0,0.0,1.0,0.0,1.0,0.0,1.0,0.0,0.7769,0.0,0.878,0.0,0.0,0.0,0.0,0.0,0.9737,0.0,0.8714,0.0,0.8930000000000001,0.0,0.7991,0.0,0.3818,0.0,0.701,0.0,0.007700000000000001,0.0,0.11,0.0
64,4,16,14,5,0.22960000000000003,0.008706893820416086,0.21203333333333332,0.018350022706616283,0.06846666666666666,0.008087232736439163,0.15536666666666665,0.01810036832037773,0.14913333333333334,0.003666515148384541,0.0776,0.003772267222772001,0.020166666666666666,0.0006350852961085863,0.0012,0.00034641016151377546,0.0309,0.0,0.6466666666666666,0.06658328118479397,1.0,0.0,1.0,0.0,1.0,0.0,1.0,0.0,0.7769,0.0,0.878,0.0,0.0,0.0,0.0,0.0,0.9276,0.0,0.8266,0.0,0.8098,0.0,0.7325,0.0,0.2975,0.0,0.6497,0.0,0.007700000000000001,0.0,0.13,0.0
64,4,16,16,5,0.19793333333333332,0.001750238079043335,0.1628,0.007631513611335575,0.07176666666666666,0.006539367961304318,0.13149999999999998,0.004942671342502964,0.1164,0.0006000000000000033,0.05563333333333333,0.0038940124978399,0.016,0.0022000000000000006,0.0008333333333333334,0.00028867513459481284,0.0309,0.0,0.7366666666666667,0.061101009266077894,1.0,0.0,1.0,0.0,1.0,0.0,1.0,0.0,0.7769,0.0,0.878,0.0,0.0,0.0,0.0,0.0,0.8341,0.0,0.7738,0.0,0.6471,0.0,0.5788,0.0,0.18790000000000004,0.0,0.545,0.0,0.007700000000000001,0.0,0.28,0.0
